2023-12-27 21:36:16.9905|1|Info|MCAD:  Setting project Free Documents () 
2023-12-27 21:36:17.3434|1|Info|MCAD:  Setting project Free Documents () 
2023-12-27 21:36:17.3574|56|Warn|MCAD: Co-Designer 3.4.0.1792, Altium Designer 23.4.1.23 (C:\Program Files\Altium\AD23\X2.EXE) 
2023-12-27 21:36:17.3574|56|Info|MCAD: Product identified as AltiumDesigner 
2023-12-27 21:36:17.3935|56|Debug|MCAD: Start updating CoDesigner UI resource keys. 
2023-12-27 21:36:17.3967|56|Debug|MCAD: Finished updating CoDesigner UI resource keys. 
2023-12-27 21:37:30.3503|1|Info|MCAD:  Setting project Free Documents () 
2023-12-27 21:46:41.2463|1|Info|MCAD:  Setting project Free Documents () 
2023-12-27 21:46:41.2791|1|Info|MCAD:  Setting project Free Documents () 
2023-12-27 21:46:41.3238|1|Debug|MCAD: ->ProjectManagerService.ClearCurrentDocument 
2023-12-27 21:46:41.3238|1|Debug|MCAD:  <-ProjectManagerService.ClearCurrentDocument Secs:0 
2023-12-27 22:17:24.7892|1|Info|MCAD:  Setting project Free Documents () 
2023-12-27 22:17:25.0207|1|Info|MCAD:  Setting project Free Documents () 
2023-12-27 22:17:25.5136|1|Info|MCAD:  Setting project C:\Users\Public\Documents\Altium\PCB_Project\PCB_Project.PrjPcb () 
2023-12-27 22:17:25.5374|1|Info|MCAD:  Setting project C:\Users\Public\Documents\Altium\PCB_Project\PCB_Project.PrjPcb () 
2023-12-27 22:17:25.5654|100|Warn|MCAD: Co-Designer 3.4.0.1792, Altium Designer 23.4.1.23 (C:\Program Files\Altium\AD23\X2.EXE) 
2023-12-27 22:17:25.5654|100|Info|MCAD: Product identified as AltiumDesigner 
2023-12-27 22:17:25.5927|100|Debug|MCAD: Start updating CoDesigner UI resource keys. 
2023-12-27 22:17:25.5927|100|Debug|MCAD: Finished updating CoDesigner UI resource keys. 
2023-12-27 22:24:15.5569|1|Debug|MCAD: ->ProjectManagerService.ClearCurrentDocument 
2023-12-27 22:24:15.5569|1|Debug|MCAD:  <-ProjectManagerService.ClearCurrentDocument Secs:0 
2023-12-28 22:42:26.6912|1|Info|MCAD:  Setting project C:\Users\Public\Documents\Altium\PCB_Project\PCB_Project.PrjPcb () 
2023-12-28 22:42:26.8868|1|Info|MCAD:  Setting project C:\Users\Public\Documents\Altium\PCB_Project\PCB_Project.PrjPcb () 
2023-12-28 22:42:26.9178|1|Info|MCAD:  Setting project C:\Users\Public\Documents\Altium\PCB_Project\PCB_Project.PrjPcb () 
2023-12-28 22:42:30.7077|7|Warn|MCAD: Co-Designer 3.4.0.1792, Altium Designer 23.4.1.23 (C:\Program Files\Altium\AD23\X2.EXE) 
2023-12-28 22:42:30.7077|7|Info|MCAD: Product identified as AltiumDesigner 
2023-12-28 22:42:31.1630|7|Debug|MCAD: Start updating CoDesigner UI resource keys. 
2023-12-28 22:42:31.1630|7|Debug|MCAD: Finished updating CoDesigner UI resource keys. 
2023-12-28 22:56:20.0328|1|Info|MCAD:  Setting project C:\Users\Public\Documents\Altium\PCB_Project\PCB_Project.PrjPcb () 
2023-12-28 22:56:43.2506|1|Debug|MCAD: ->ProjectManagerService.ClearCurrentDocument 
2023-12-28 22:56:43.2506|1|Debug|MCAD:  <-ProjectManagerService.ClearCurrentDocument Secs:0 
2023-12-28 22:57:06.4727|1|Info|MCAD:  Setting project C:\Users\Public\Documents\Altium\PCB_Project\PCB_Project.PrjPcb () 
2023-12-28 22:57:06.5778|1|Info|MCAD:  Setting project C:\Users\Public\Documents\Altium\PCB_Project\PCB_Project.PrjPcb () 
2023-12-28 22:57:06.6038|1|Info|MCAD:  Setting project C:\Users\Public\Documents\Altium\PCB_Project\PCB_Project.PrjPcb () 
2023-12-28 22:57:07.8990|9|Warn|MCAD: Co-Designer 3.4.0.1792, Altium Designer 23.4.1.23 (C:\Program Files\Altium\AD23\X2.EXE) 
2023-12-28 22:57:07.8990|9|Info|MCAD: Product identified as AltiumDesigner 
2023-12-28 22:57:07.9261|9|Debug|MCAD: Start updating CoDesigner UI resource keys. 
2023-12-28 22:57:07.9271|9|Debug|MCAD: Finished updating CoDesigner UI resource keys. 
2023-12-28 22:57:59.9629|1|Info|MCAD:  Setting project C:\Users\Public\Documents\Altium\PCB_Project\PCB_Project.PrjPcb () 
2023-12-28 22:58:00.1837|1|Info|MCAD:  Setting project C:\Users\Public\Documents\Altium\PCB_Project\PCB_Project.PrjPcb () 
2023-12-29 00:18:56.4806|1|Info|MCAD:  Setting project C:\Users\Public\Documents\Altium\PCB_Project\PCB_Project.PrjPcb () 
2023-12-29 00:19:05.1076|1|Info|MCAD:  Setting project C:\Users\Public\Documents\Altium\PCB_Project\PCB_Project.PrjPcb () 
2023-12-29 00:19:05.8276|1|Debug|MCAD: ->ProjectManagerService.ClearCurrentDocument 
2023-12-29 00:19:05.8276|1|Debug|MCAD:  <-ProjectManagerService.ClearCurrentDocument Secs:0 
2023-12-29 00:19:26.7203|1|Info|MCAD:  Setting project C:\Users\Public\Documents\Altium\PCB_Project\PCB_Project.PrjPcb () 
2023-12-29 00:19:26.8215|1|Info|MCAD:  Setting project C:\Users\Public\Documents\Altium\PCB_Project\PCB_Project.PrjPcb () 
2023-12-29 00:19:26.8514|1|Info|MCAD:  Setting project C:\Users\Public\Documents\Altium\PCB_Project\PCB_Project.PrjPcb () 
2023-12-29 00:19:28.1480|9|Warn|MCAD: Co-Designer 3.4.0.1792, Altium Designer 23.4.1.23 (C:\Program Files\Altium\AD23\X2.EXE) 
2023-12-29 00:19:28.1480|9|Info|MCAD: Product identified as AltiumDesigner 
2023-12-29 00:19:28.1750|9|Debug|MCAD: Start updating CoDesigner UI resource keys. 
2023-12-29 00:19:28.1750|9|Debug|MCAD: Finished updating CoDesigner UI resource keys. 
2023-12-29 00:20:35.5476|1|Info|MCAD:  Setting project C:\Users\Public\Documents\Altium\PCB_Project\PCB_Project.PrjPcb () 
2023-12-29 00:20:35.7292|1|Info|MCAD:  Setting project C:\Users\Public\Documents\Altium\PCB_Project\PCB_Project.PrjPcb () 
2023-12-29 00:20:57.1526|1|Info|MCAD:  Setting project Free Documents () 
2023-12-29 00:20:57.3352|1|Info|MCAD:  Setting project Free Documents () 
2023-12-29 00:20:57.3916|1|Info|MCAD:  Setting project C:\Users\Public\Documents\Altium\ehm giriş proj\ehm giriş proj.PrjPcb () 
2023-12-29 00:20:57.4136|1|Info|MCAD:  Setting project C:\Users\Public\Documents\Altium\ehm giriş proj\ehm giriş proj.PrjPcb () 
2023-12-29 01:17:42.8244|1|Debug|MCAD: ->ProjectManagerService.ClearCurrentDocument 
2023-12-29 01:17:42.8244|1|Debug|MCAD:  <-ProjectManagerService.ClearCurrentDocument Secs:0 
2023-12-29 01:17:42.8574|1|Info|MCAD:  Setting project C:\Users\Public\Documents\Altium\PCB_Project\PCB_Project.PrjPcb () 
2023-12-29 01:17:42.9124|1|Debug|MCAD: ->ProjectManagerService.ClearCurrentDocument 
2023-12-29 01:17:42.9124|1|Debug|MCAD:  <-ProjectManagerService.ClearCurrentDocument Secs:0 
2023-12-29 17:48:19.5635|1|Info|MCAD:  Setting project Free Documents () 
2023-12-29 17:48:19.9908|20|Warn|MCAD: Co-Designer 3.4.0.1792, Altium Designer 23.4.1.23 (C:\Program Files\Altium\AD23\X2.exe) 
2023-12-29 17:48:19.9908|20|Info|MCAD: Product identified as AltiumDesigner 
2023-12-29 17:48:20.0418|20|Debug|MCAD: Start updating CoDesigner UI resource keys. 
2023-12-29 17:48:20.0418|20|Debug|MCAD: Finished updating CoDesigner UI resource keys. 
2023-12-29 17:48:28.3405|1|Info|MCAD:  Setting project Free Documents () 
2023-12-29 17:48:28.3715|1|Debug|MCAD: ->ProjectManagerService.ClearCurrentDocument 
2023-12-29 17:48:28.3715|1|Debug|MCAD:  <-ProjectManagerService.ClearCurrentDocument Secs:0 
2023-12-31 12:38:52.6868|1|Info|MCAD:  Setting project Free Documents () 
2023-12-31 12:38:53.0487|27|Warn|MCAD: Co-Designer 3.4.0.1792, Altium Designer 23.4.1.23 (C:\Program Files\Altium\AD23\X2.exe) 
2023-12-31 12:38:53.0487|27|Info|MCAD: Product identified as AltiumDesigner 
2023-12-31 12:38:53.0908|27|Debug|MCAD: Start updating CoDesigner UI resource keys. 
2023-12-31 12:38:53.0908|27|Debug|MCAD: Finished updating CoDesigner UI resource keys. 
2023-12-31 12:38:58.8780|1|Info|MCAD:  Setting project Free Documents () 
2023-12-31 12:39:05.4431|1|Info|MCAD:  Setting project Free Documents () 
2023-12-31 13:13:51.6648|1|Info|MCAD:  Setting project Free Documents () 
2023-12-31 13:14:15.9952|1|Info|MCAD:  Setting project Free Documents () 
2023-12-31 13:14:16.0268|1|Debug|MCAD: ->ProjectManagerService.ClearCurrentDocument 
2023-12-31 13:14:16.0268|1|Debug|MCAD:  <-ProjectManagerService.ClearCurrentDocument Secs:0 
2023-12-31 13:15:21.1319|1|Info|MCAD:  Setting project Free Documents () 
2023-12-31 13:15:21.3323|1|Info|MCAD:  Setting project Free Documents () 
2023-12-31 13:15:21.3585|5|Warn|MCAD: Co-Designer 3.4.0.1792, Altium Designer 23.4.1.23 (C:\Program Files\Altium\AD23\X2.exe) 
2023-12-31 13:15:21.3585|5|Info|MCAD: Product identified as AltiumDesigner 
2023-12-31 13:15:21.4065|5|Debug|MCAD: Start updating CoDesigner UI resource keys. 
2023-12-31 13:15:21.4065|5|Debug|MCAD: Finished updating CoDesigner UI resource keys. 
2023-12-31 13:15:39.7519|1|Info|MCAD:  Setting project Free Documents () 
2023-12-31 13:15:39.7639|1|Info|MCAD:  Setting project Free Documents () 
2023-12-31 13:15:39.7858|1|Info|MCAD:  Setting project Free Documents () 
2023-12-31 13:15:39.8169|1|Debug|MCAD: ->ProjectManagerService.ClearCurrentDocument 
2023-12-31 13:15:39.8169|1|Debug|MCAD:  <-ProjectManagerService.ClearCurrentDocument Secs:0 
2023-12-31 13:18:15.4336|1|Info|MCAD:  Setting project Free Documents () 
2023-12-31 13:18:15.6286|1|Info|MCAD:  Setting project Free Documents () 
2023-12-31 13:18:15.6491|24|Warn|MCAD: Co-Designer 3.4.0.1792, Altium Designer 23.4.1.23 (C:\Program Files\Altium\AD23\X2.exe) 
2023-12-31 13:18:15.6491|24|Info|MCAD: Product identified as AltiumDesigner 
2023-12-31 13:18:15.7063|24|Debug|MCAD: Start updating CoDesigner UI resource keys. 
2023-12-31 13:18:15.7083|24|Debug|MCAD: Finished updating CoDesigner UI resource keys. 
2023-12-31 13:18:29.3425|1|Info|MCAD:  Setting project Free Documents () 
2023-12-31 13:19:08.9386|1|Info|MCAD:  Setting project Free Documents () 
2023-12-31 13:19:50.6416|1|Info|MCAD:  Setting project Free Documents () 
2023-12-31 13:21:31.5573|1|Info|MCAD:  Setting project Free Documents () 
2023-12-31 13:21:51.2182|1|Info|MCAD:  Setting project Free Documents () 
2023-12-31 13:21:51.2441|1|Info|MCAD:  Setting project Free Documents () 
2023-12-31 13:21:51.2761|1|Debug|MCAD: ->ProjectManagerService.ClearCurrentDocument 
2023-12-31 13:21:51.2761|1|Debug|MCAD:  <-ProjectManagerService.ClearCurrentDocument Secs:0 
2024-04-24 18:11:24.9365|1|Info|MCAD:  Setting project Free Documents () 
2024-04-24 18:11:28.4190|1|Info|MCAD:  Setting project Free Documents () 
2024-04-24 18:11:33.3161|18|Warn|MCAD: Co-Designer 3.4.0.1792, Altium Designer 23.4.1.23 (C:\Program Files\Altium\AD23\X2.EXE) 
2024-04-24 18:11:33.3161|18|Info|MCAD: Product identified as AltiumDesigner 
2024-04-24 18:11:34.5153|18|Debug|MCAD: Start updating CoDesigner UI resource keys. 
2024-04-24 18:11:34.5153|18|Debug|MCAD: Finished updating CoDesigner UI resource keys. 
2024-04-24 18:20:48.6323|1|Info|MCAD:  Setting project Free Documents () 
2024-04-24 18:21:13.5875|1|Info|MCAD:  Setting project Free Documents () 
2024-04-24 18:21:13.6332|1|Info|MCAD:  Setting project Free Documents () 
2024-04-24 18:21:13.6752|1|Debug|MCAD: ->ProjectManagerService.ClearCurrentDocument 
2024-04-24 18:21:13.6752|1|Debug|MCAD:  <-ProjectManagerService.ClearCurrentDocument Secs:0 
2024-04-28 16:38:24.4628|1|Info|MCAD:  Setting project Free Documents () 
2024-04-28 16:38:27.1266|1|Info|MCAD:  Setting project Free Documents () 
2024-04-28 16:38:31.1704|9|Warn|MCAD: Co-Designer 3.4.0.1792, Altium Designer 23.4.1.23 (C:\Program Files\Altium\AD23\X2.EXE) 
2024-04-28 16:38:31.1704|9|Info|MCAD: Product identified as AltiumDesigner 
2024-04-28 16:38:31.7624|9|Debug|MCAD: Start updating CoDesigner UI resource keys. 
2024-04-28 16:38:31.7634|9|Debug|MCAD: Finished updating CoDesigner UI resource keys. 
2024-04-28 16:44:03.6831|1|Info|MCAD:  Setting project Free Documents () 
2024-04-28 16:44:03.7099|1|Debug|MCAD: ->ProjectManagerService.ClearCurrentDocument 
2024-04-28 16:44:03.7099|1|Debug|MCAD:  <-ProjectManagerService.ClearCurrentDocument Secs:0 
2024-04-28 17:50:47.5121|1|Info|MCAD:  Setting project Free Documents () 
2024-04-28 17:50:48.0222|1|Info|MCAD:  Setting project Free Documents () 
2024-04-28 17:50:49.6816|10|Warn|MCAD: Co-Designer 3.4.0.1792, Altium Designer 23.4.1.23 (C:\Program Files\Altium\AD23\X2.EXE) 
2024-04-28 17:50:49.6816|10|Info|MCAD: Product identified as AltiumDesigner 
2024-04-28 17:50:50.1925|10|Debug|MCAD: Start updating CoDesigner UI resource keys. 
2024-04-28 17:50:50.1925|10|Debug|MCAD: Finished updating CoDesigner UI resource keys. 
2024-04-28 17:50:55.4802|1|Info|MCAD:  Setting project Free Documents () 
2024-04-28 17:51:20.9176|1|Info|MCAD:  Setting project Free Documents () 
2024-04-28 17:51:52.5225|1|Info|MCAD:  Setting project Free Documents () 
2024-04-28 17:52:46.8674|1|Info|MCAD:  Setting project Free Documents () 
2024-04-28 17:52:47.0819|1|Info|MCAD:  Setting project Free Documents () 
2024-04-28 17:52:47.2007|1|Info|MCAD:  Setting project C:\Users\Public\Documents\Altium\PCB_Project_2\PCB_Project_2.PrjPcb () 
2024-04-28 17:52:47.2343|1|Info|MCAD:  Setting project C:\Users\Public\Documents\Altium\PCB_Project_2\PCB_Project_2.PrjPcb () 
2024-04-28 17:53:15.2115|1|Info|MCAD:  Setting project C:\Users\Public\Documents\Altium\PCB_Project_2\PCB_Project_2.PrjPcb () 
2024-04-28 17:53:41.0799|1|Info|MCAD:  Setting project C:\Users\Public\Documents\Altium\PCB_Project_2\PCB_Project_2.PrjPcb () 
2024-04-28 17:54:09.4378|1|Info|MCAD:  Setting project C:\Users\Public\Documents\Altium\PCB_Project_2\PCB_Project_2.PrjPcb () 
2024-04-28 17:54:58.0661|1|Info|MCAD:  Setting project C:\Users\Public\Documents\Altium\PCB_Project_2\PCB_Project_2.PrjPcb () 
2024-04-28 17:55:02.8395|1|Info|MCAD:  Setting project Free Documents () 
2024-04-28 17:55:05.8441|1|Info|MCAD:  Setting project C:\Users\Public\Documents\Altium\PCB_Project_2\PCB_Project_2.PrjPcb () 
2024-04-28 17:55:30.8189|1|Info|MCAD:  Setting project C:\Users\Public\Documents\Altium\PCB_Project_2\PCB_Project_2.PrjPcb () 
2024-04-28 17:56:39.6396|1|Info|MCAD:  Setting project Free Documents () 
2024-04-28 17:56:43.4082|1|Info|MCAD:  Setting project Free Documents () 
2024-04-28 17:56:43.4372|1|Debug|MCAD: ->ProjectManagerService.ClearCurrentDocument 
2024-04-28 17:56:43.4372|1|Debug|MCAD:  <-ProjectManagerService.ClearCurrentDocument Secs:0 
2024-04-28 17:57:04.4762|1|Info|MCAD:  Setting project C:\Users\Public\Documents\Altium\PCB_Project_2\PCB_Project_2.PrjPcb () 
2024-04-28 19:15:02.0984|1|Info|MCAD:  Setting project C:\Users\Public\Documents\Altium\PCB_Project_2\PCB_Project_2.PrjPcb () 
2024-04-28 19:20:47.2621|1|Info|MCAD:  Setting project C:\Users\Public\Documents\Altium\PCB_Project_2\PCB_Project_2.PrjPcb () 
2024-04-28 19:27:59.8350|1|Info|MCAD:  Setting project C:\Users\Public\Documents\Altium\PCB_Project_2\PCB_Project_2.PrjPcb () 
2024-04-28 19:30:15.3289|1|Info|MCAD:  Setting project C:\Users\Public\Documents\Altium\PCB_Project_2\PCB_Project_2.PrjPcb () 
2024-04-28 19:41:20.8498|1|Debug|MCAD: ->ProjectManagerService.ClearCurrentDocument 
2024-04-28 19:41:20.8498|1|Debug|MCAD:  <-ProjectManagerService.ClearCurrentDocument Secs:0 
2024-04-29 10:53:26.1551|1|Info|MCAD:  Setting project C:\Users\Public\Documents\Altium\PCB_Project_2\PCB_Project_2.PrjPcb () 
2024-04-29 10:53:27.9890|1|Info|MCAD:  Setting project C:\Users\Public\Documents\Altium\PCB_Project_2\PCB_Project_2.PrjPcb () 
2024-04-29 10:53:31.8831|9|Warn|MCAD: Co-Designer 3.4.0.1792, Altium Designer 23.4.1.23 (C:\Program Files\Altium\AD23\X2.EXE) 
2024-04-29 10:53:31.8831|9|Info|MCAD: Product identified as AltiumDesigner 
2024-04-29 10:53:33.2342|9|Debug|MCAD: Start updating CoDesigner UI resource keys. 
2024-04-29 10:53:33.2342|9|Debug|MCAD: Finished updating CoDesigner UI resource keys. 
2024-04-29 10:54:02.7033|1|Info|MCAD:  Setting project C:\Users\Public\Documents\Altium\PCB_Project_2\PCB_Project_2.PrjPcb () 
2024-04-29 10:54:21.4586|1|Info|MCAD:  Setting project C:\Users\Public\Documents\Altium\PCB_Project_2\PCB_Project_2.PrjPcb () 
2024-04-29 10:54:37.1160|1|Debug|MCAD: ->ProjectManagerService.ClearCurrentDocument 
2024-04-29 10:54:37.1160|1|Debug|MCAD:  <-ProjectManagerService.ClearCurrentDocument Secs:0 
2024-04-30 10:45:48.9704|1|Info|MCAD:  Setting project C:\Users\Public\Documents\Altium\PCB_Project_2\PCB_Project_2.PrjPcb () 
2024-04-30 10:45:55.9469|3|Warn|MCAD: Co-Designer 3.4.0.1792, Altium Designer 23.4.1.23 (C:\Program Files\Altium\AD23\X2.EXE) 
2024-04-30 10:45:55.9469|3|Info|MCAD: Product identified as AltiumDesigner 
2024-04-30 10:45:56.5861|3|Debug|MCAD: Start updating CoDesigner UI resource keys. 
2024-04-30 10:45:56.5861|3|Debug|MCAD: Finished updating CoDesigner UI resource keys. 
2024-04-30 10:47:27.6759|1|Info|MCAD:  Setting project C:\Users\Public\Documents\Altium\PCB_Project_2\PCB_Project_2.PrjPcb () 
2024-04-30 10:47:43.5536|1|Info|MCAD:  Setting project C:\Users\Public\Documents\Altium\PCB_Project_2\PCB_Project_2.PrjPcb () 
2024-04-30 10:48:27.9069|1|Info|MCAD:  Setting project C:\Users\Public\Documents\Altium\PCB_Project_2\PCB_Project_2.PrjPcb () 
2024-04-30 10:53:03.7933|1|Info|MCAD:  Setting project C:\Users\Public\Documents\Altium\PCB_Project_2\PCB_Project_2.PrjPcb () 
2024-04-30 10:53:10.4251|1|Info|MCAD:  Setting project C:\Users\Public\Documents\Altium\PCB_Project_2\PCB_Project_2.PrjPcb () 
2024-04-30 10:53:56.7710|1|Info|MCAD:  Setting project C:\Users\Public\Documents\Altium\PCB_Project_2\PCB_Project_2.PrjPcb () 
2024-04-30 10:54:20.6248|1|Info|MCAD:  Setting project C:\Users\Public\Documents\Altium\PCB_Project_2\PCB_Project_2.PrjPcb () 
2024-04-30 11:11:15.9413|1|Info|MCAD:  Setting project C:\Users\Public\Documents\Altium\PCB_Project_2\PCB_Project_2.PrjPcb () 
2024-04-30 11:11:41.4263|1|Info|MCAD:  Setting project C:\Users\Public\Documents\Altium\PCB_Project_2\PCB_Project_2.PrjPcb () 
2024-04-30 11:52:46.6419|1|Info|MCAD:  Setting project C:\Users\Public\Documents\Altium\PCB_Project_2\PCB_Project_2.PrjPcb () 
2024-04-30 12:12:06.2652|1|Info|MCAD:  Setting project C:\Users\Public\Documents\Altium\PCB_Project_2\PCB_Project_2.PrjPcb () 
2024-04-30 12:12:34.4093|1|Info|MCAD:  Setting project C:\Users\Public\Documents\Altium\PCB_Project_2\PCB_Project_2.PrjPcb () 
2024-04-30 12:30:46.1328|1|Info|MCAD:  Setting project C:\Users\Public\Documents\Altium\PCB_Project_2\PCB_Project_2.PrjPcb () 
2024-04-30 12:31:14.3343|1|Info|MCAD:  Setting project C:\Users\Public\Documents\Altium\PCB_Project_2\PCB_Project_2.PrjPcb () 
2024-04-30 12:37:06.6590|1|Info|MCAD:  Setting project C:\Users\Public\Documents\Altium\PCB_Project_2\PCB_Project_2.PrjPcb () 
2024-04-30 12:37:28.3197|1|Info|MCAD:  Setting project C:\Users\Public\Documents\Altium\PCB_Project_2\PCB_Project_2.PrjPcb () 
2024-04-30 12:40:09.6686|1|Info|MCAD:  Setting project C:\Users\Public\Documents\Altium\PCB_Project_2\PCB_Project_2.PrjPcb () 
2024-04-30 12:40:22.1257|1|Info|MCAD:  Setting project C:\Users\Public\Documents\Altium\PCB_Project_2\PCB_Project_2.PrjPcb () 
2024-04-30 12:42:32.8499|1|Info|MCAD:  Setting project C:\Users\Public\Documents\Altium\PCB_Project_2\PCB_Project_2.PrjPcb () 
2024-04-30 12:42:36.8075|1|Info|MCAD:  Setting project C:\Users\Public\Documents\Altium\PCB_Project_2\PCB_Project_2.PrjPcb () 
2024-04-30 12:44:09.3764|1|Info|MCAD:  Setting project C:\Users\Public\Documents\Altium\PCB_Project_2\PCB_Project_2.PrjPcb () 
2024-04-30 12:44:22.9582|1|Info|MCAD:  Setting project C:\Users\Public\Documents\Altium\PCB_Project_2\PCB_Project_2.PrjPcb () 
2024-04-30 12:45:28.6810|1|Info|MCAD:  Setting project C:\Users\Public\Documents\Altium\PCB_Project_2\PCB_Project_2.PrjPcb () 
2024-04-30 12:46:04.6132|1|Info|MCAD:  Setting project C:\Users\Public\Documents\Altium\PCB_Project_2\PCB_Project_2.PrjPcb () 
2024-04-30 12:49:48.8983|1|Info|MCAD:  Setting project C:\Users\Public\Documents\Altium\PCB_Project_2\PCB_Project_2.PrjPcb () 
2024-04-30 12:50:54.7071|1|Info|MCAD:  Setting project C:\Users\Public\Documents\Altium\PCB_Project_2\PCB_Project_2.PrjPcb () 
2024-04-30 12:51:43.0518|1|Info|MCAD:  Setting project C:\Users\Public\Documents\Altium\PCB_Project_2\PCB_Project_2.PrjPcb () 
2024-04-30 12:52:13.5704|1|Info|MCAD:  Setting project C:\Users\Public\Documents\Altium\PCB_Project_2\PCB_Project_2.PrjPcb () 
2024-04-30 13:00:18.3058|1|Info|MCAD:  Setting project C:\Users\Public\Documents\Altium\PCB_Project_2\PCB_Project_2.PrjPcb () 
2024-04-30 13:02:14.0579|1|Info|MCAD:  Setting project C:\Users\Public\Documents\Altium\PCB_Project_2\PCB_Project_2.PrjPcb () 
2024-04-30 13:02:31.6962|1|Info|MCAD:  Setting project C:\Users\Public\Documents\Altium\PCB_Project_2\PCB_Project_2.PrjPcb () 
2024-04-30 13:03:56.7518|1|Info|MCAD:  Setting project C:\Users\Public\Documents\Altium\PCB_Project_2\PCB_Project_2.PrjPcb () 
2024-04-30 13:04:14.9665|1|Info|MCAD:  Setting project C:\Users\Public\Documents\Altium\PCB_Project_2\PCB_Project_2.PrjPcb () 
2024-04-30 13:06:42.6151|1|Info|MCAD:  Setting project C:\Users\Public\Documents\Altium\PCB_Project_2\PCB_Project_2.PrjPcb () 
2024-04-30 13:07:32.8058|1|Info|MCAD:  Setting project C:\Users\Public\Documents\Altium\PCB_Project_2\PCB_Project_2.PrjPcb () 
2024-04-30 13:07:37.5631|1|Info|MCAD:  Setting project C:\Users\Public\Documents\Altium\PCB_Project_2\PCB_Project_2.PrjPcb () 
2024-04-30 13:10:18.6388|1|Info|MCAD:  Setting project C:\Users\Public\Documents\Altium\PCB_Project_2\PCB_Project_2.PrjPcb () 
2024-04-30 13:10:39.1019|1|Info|MCAD:  Setting project C:\Users\Public\Documents\Altium\PCB_Project_2\PCB_Project_2.PrjPcb () 
2024-04-30 13:35:45.0063|1|Info|MCAD:  Setting project C:\Users\Public\Documents\Altium\PCB_Project_2\PCB_Project_2.PrjPcb () 
2024-04-30 14:14:40.2536|1|Info|MCAD:  Setting project C:\Users\Public\Documents\Altium\PCB_Project_2\PCB_Project_2.PrjPcb () 
2024-04-30 14:14:40.4356|1|Debug|MCAD: ->ProjectManagerService.ClearCurrentDocument 
2024-04-30 14:14:40.4356|1|Debug|MCAD:  <-ProjectManagerService.ClearCurrentDocument Secs:0 
2024-04-30 15:27:15.4995|1|Info|MCAD:  Setting project C:\Users\Public\Documents\Altium\PCB_Project_2\PCB_Project_2.PrjPcb () 
2024-04-30 15:27:17.2583|1|Info|MCAD:  Setting project C:\Users\Public\Documents\Altium\PCB_Project_2\PCB_Project_2.PrjPcb () 
2024-04-30 15:27:21.9921|15|Warn|MCAD: Co-Designer 3.4.0.1792, Altium Designer 23.4.1.23 (C:\Program Files\Altium\AD23\X2.EXE) 
2024-04-30 15:27:21.9921|15|Info|MCAD: Product identified as AltiumDesigner 
2024-04-30 15:27:22.3511|15|Debug|MCAD: Start updating CoDesigner UI resource keys. 
2024-04-30 15:27:22.3562|15|Debug|MCAD: Finished updating CoDesigner UI resource keys. 
2024-04-30 15:27:27.2259|1|Info|MCAD:  Setting project C:\Users\Public\Documents\Altium\PCB_Project_2\PCB_Project_2.PrjPcb () 
2024-04-30 15:29:17.2885|1|Info|MCAD:  Setting project C:\Users\Public\Documents\Altium\PCB_Project_2\PCB_Project_2.PrjPcb () 
2024-04-30 15:29:28.8262|1|Info|MCAD:  Setting project C:\Users\Public\Documents\Altium\PCB_Project_2\PCB_Project_2.PrjPcb () 
2024-04-30 15:31:15.7585|1|Info|MCAD:  Setting project C:\Users\Public\Documents\Altium\PCB_Project_2\PCB_Project_2.PrjPcb () 
2024-04-30 15:34:39.9974|1|Debug|MCAD: ->ProjectManagerService.ClearCurrentDocument 
2024-04-30 15:34:39.9974|1|Debug|MCAD:  <-ProjectManagerService.ClearCurrentDocument Secs:0 
2024-05-01 14:23:49.3736|1|Info|MCAD:  Setting project C:\Users\Public\Documents\Altium\PCB_Project_2\PCB_Project_2.PrjPcb () 
2024-05-01 14:23:51.5342|1|Info|MCAD:  Setting project C:\Users\Public\Documents\Altium\PCB_Project_2\PCB_Project_2.PrjPcb () 
2024-05-01 14:23:55.6848|22|Warn|MCAD: Co-Designer 3.4.0.1792, Altium Designer 23.4.1.23 (C:\Program Files\Altium\AD23\X2.EXE) 
2024-05-01 14:23:55.6848|22|Info|MCAD: Product identified as AltiumDesigner 
2024-05-01 14:23:57.0126|22|Debug|MCAD: Start updating CoDesigner UI resource keys. 
2024-05-01 14:23:57.0126|22|Debug|MCAD: Finished updating CoDesigner UI resource keys. 
2024-05-01 14:24:09.8412|1|Info|MCAD:  Setting project C:\Users\Public\Documents\Altium\PCB_Project_2\PCB_Project_2.PrjPcb () 
2024-05-01 14:24:28.0463|1|Info|MCAD:  Setting project C:\Users\Public\Documents\Altium\PCB_Project_2\PCB_Project_2.PrjPcb () 
2024-05-01 14:44:20.2444|1|Info|MCAD:  Setting project C:\Users\Public\Documents\Altium\PCB_Project_2\PCB_Project_2.PrjPcb () 
2024-05-01 15:15:20.7807|1|Info|MCAD:  Setting project C:\Users\Public\Documents\Altium\PCB_Project_2\PCB_Project_2.PrjPcb () 
2024-05-01 15:15:21.5810|1|Info|MCAD:  Setting project C:\Users\Public\Documents\Altium\PCB_Project_2\PCB_Project_2.PrjPcb () 
2024-05-01 15:15:21.6192|1|Info|MCAD:  Setting project C:\Users\Public\Documents\Altium\PCB_Project_2\PCB_Project_2.PrjPcb () 
2024-05-01 15:15:21.7189|1|Info|MCAD:  Setting project C:\Users\Public\Documents\Altium\PCB_Project_2\PCB_Project_2.PrjPcb () 
2024-05-01 15:15:32.8075|1|Info|MCAD:  Setting project C:\Users\Public\Documents\Altium\PCB_Project_2\PCB_Project_2.PrjPcb () 
2024-05-02 15:51:31.6982|1|Info|MCAD:  Setting project C:\Users\Public\Documents\Altium\PCB_Project_2\PCB_Project_2.PrjPcb () 
2024-05-02 15:51:32.4458|14|Warn|MCAD: Co-Designer 3.4.0.1792, Altium Designer 23.4.1.23 (C:\Program Files\Altium\AD23\X2.EXE) 
2024-05-02 15:51:32.4458|14|Info|MCAD: Product identified as AltiumDesigner 
2024-05-02 15:51:32.5631|14|Debug|MCAD: Start updating CoDesigner UI resource keys. 
2024-05-02 15:51:32.5631|14|Debug|MCAD: Finished updating CoDesigner UI resource keys. 
2024-05-02 15:53:08.7157|1|Info|MCAD:  Setting project C:\Users\Public\Documents\Altium\PCB_Project_2\PCB_Project_2.PrjPcb () 
2024-05-02 16:28:14.9195|1|Debug|MCAD: ->ProjectManagerService.ClearCurrentDocument 
2024-05-02 16:28:14.9195|1|Debug|MCAD:  <-ProjectManagerService.ClearCurrentDocument Secs:0 
2024-05-02 16:43:46.1008|1|Info|MCAD:  Setting project C:\Users\Public\Documents\Altium\PCB_Project_2\PCB_Project_2.PrjPcb () 
2024-05-02 16:43:46.3351|1|Info|MCAD:  Setting project C:\Users\Public\Documents\Altium\PCB_Project_2\PCB_Project_2.PrjPcb () 
2024-05-02 16:43:46.3858|1|Info|MCAD:  Setting project C:\Users\Public\Documents\Altium\PCB_Project_2\PCB_Project_2.PrjPcb () 
2024-05-02 16:43:50.7324|13|Warn|MCAD: Co-Designer 3.4.0.1792, Altium Designer 23.4.1.23 (C:\Program Files\Altium\AD23\X2.EXE) 
2024-05-02 16:43:50.7324|13|Info|MCAD: Product identified as AltiumDesigner 
2024-05-02 16:43:51.6439|13|Debug|MCAD: Start updating CoDesigner UI resource keys. 
2024-05-02 16:43:51.6439|13|Debug|MCAD: Finished updating CoDesigner UI resource keys. 
2024-05-02 16:44:36.2616|1|Info|MCAD:  Setting project C:\Users\Public\Documents\Altium\PCB_Project_2\PCB_Project_2.PrjPcb () 
2024-05-02 16:50:34.0079|1|Debug|MCAD: ->ProjectManagerService.ClearCurrentDocument 
2024-05-02 16:50:34.0079|1|Debug|MCAD:  <-ProjectManagerService.ClearCurrentDocument Secs:0 
2024-05-02 18:05:31.8697|1|Info|MCAD:  Setting project C:\Users\Public\Documents\Altium\PCB_Project_2\PCB_Project_2.PrjPcb () 
2024-05-02 18:05:32.0302|1|Info|MCAD:  Setting project C:\Users\Public\Documents\Altium\PCB_Project_2\PCB_Project_2.PrjPcb () 
2024-05-02 18:05:36.0120|16|Warn|MCAD: Co-Designer 3.4.0.1792, Altium Designer 23.4.1.23 (C:\Program Files\Altium\AD23\X2.EXE) 
2024-05-02 18:05:36.0120|16|Info|MCAD: Product identified as AltiumDesigner 
2024-05-02 18:05:36.4631|16|Debug|MCAD: Start updating CoDesigner UI resource keys. 
2024-05-02 18:05:36.4631|16|Debug|MCAD: Finished updating CoDesigner UI resource keys. 
2024-05-02 18:12:44.8079|1|Info|MCAD:  Setting project C:\Users\Public\Documents\Altium\PCB_Project_2\PCB_Project_2.PrjPcb () 
2024-05-02 18:13:50.1126|1|Debug|MCAD: ->ProjectManagerService.ClearCurrentDocument 
2024-05-02 18:13:50.1126|1|Debug|MCAD:  <-ProjectManagerService.ClearCurrentDocument Secs:0 
2024-05-03 00:45:06.8347|1|Info|MCAD:  Setting project Free Documents () 
2024-05-03 00:45:07.0592|1|Info|MCAD:  Setting project Free Documents () 
2024-05-03 00:45:08.0686|1|Info|MCAD:  Setting project C:\Users\Public\Documents\Altium\PCB_Project_4\PCB_Project_4.PrjPcb () 
2024-05-03 00:45:08.0885|1|Info|MCAD:  Setting project C:\Users\Public\Documents\Altium\PCB_Project_4\PCB_Project_4.PrjPcb () 
2024-05-03 00:45:08.1133|42|Warn|MCAD: Co-Designer 3.4.0.1792, Altium Designer 23.4.1.23 (C:\Program Files\Altium\AD23\X2.EXE) 
2024-05-03 00:45:08.1133|42|Info|MCAD: Product identified as AltiumDesigner 
2024-05-03 00:45:08.1562|42|Debug|MCAD: Start updating CoDesigner UI resource keys. 
2024-05-03 00:45:08.1562|42|Debug|MCAD: Finished updating CoDesigner UI resource keys. 
2024-05-03 00:56:44.8568|1|Info|MCAD:  Setting project C:\Users\Public\Documents\Altium\PCB_Project_4\PCB_Project_4.PrjPcb () 
2024-05-03 00:57:59.7629|1|Debug|MCAD: ->ProjectManagerService.ClearCurrentDocument 
2024-05-03 00:57:59.7629|1|Debug|MCAD:  <-ProjectManagerService.ClearCurrentDocument Secs:0 
2024-05-03 14:00:37.9373|1|Info|MCAD:  Setting project C:\Users\Public\Documents\Altium\PCB_Project_2\PCB_Project_2.PrjPcb () 
2024-05-03 14:00:38.2525|26|Warn|MCAD: Co-Designer 3.4.0.1792, Altium Designer 23.4.1.23 (C:\Program Files\Altium\AD23\X2.EXE) 
2024-05-03 14:00:38.2525|26|Info|MCAD: Product identified as AltiumDesigner 
2024-05-03 14:00:38.3071|26|Debug|MCAD: Start updating CoDesigner UI resource keys. 
2024-05-03 14:00:38.3071|26|Debug|MCAD: Finished updating CoDesigner UI resource keys. 
2024-05-03 15:21:04.1190|1|Debug|MCAD: ->ProjectManagerService.ClearCurrentDocument 
2024-05-03 15:21:04.1190|1|Debug|MCAD:  <-ProjectManagerService.ClearCurrentDocument Secs:0 
2024-05-03 16:02:14.0236|1|Info|MCAD:  Setting project C:\Users\Public\Documents\Altium\PCB_Project_2\PCB_Project_2.PrjPcb () 
2024-05-03 16:02:15.8622|1|Info|MCAD:  Setting project C:\Users\Public\Documents\Altium\PCB_Project_2\PCB_Project_2.PrjPcb () 
2024-05-03 16:02:19.9789|10|Warn|MCAD: Co-Designer 3.4.0.1792, Altium Designer 23.4.1.23 (C:\Program Files\Altium\AD23\X2.EXE) 
2024-05-03 16:02:19.9789|10|Info|MCAD: Product identified as AltiumDesigner 
2024-05-03 16:02:20.8948|10|Debug|MCAD: Start updating CoDesigner UI resource keys. 
2024-05-03 16:02:20.8948|10|Debug|MCAD: Finished updating CoDesigner UI resource keys. 
2024-05-03 16:39:56.0250|1|Info|MCAD:  Setting project C:\Users\Public\Documents\Altium\PCB_Project_2\PCB_Project_2.PrjPcb () 
2024-05-03 16:40:04.5377|1|Info|MCAD:  Setting project Free Documents () 
2024-05-03 16:40:04.6753|1|Info|MCAD:  Setting project Free Documents () 
2024-05-03 16:40:04.7563|1|Info|MCAD:  Setting project C:\Users\Public\Documents\Altium\PCB_Project_4\PCB_Project_4.PrjPcb () 
2024-05-03 16:40:04.7843|1|Info|MCAD:  Setting project C:\Users\Public\Documents\Altium\PCB_Project_4\PCB_Project_4.PrjPcb () 
2024-05-03 16:41:04.5310|1|Info|MCAD:  Setting project C:\Users\Public\Documents\Altium\PCB_Project_4\PCB_Project_4.PrjPcb () 
2024-05-03 16:41:04.5557|1|Info|MCAD:  Setting project C:\Users\Public\Documents\Altium\PCB_Project_4\PCB_Project_4.PrjPcb () 
2024-05-03 16:41:04.5747|1|Info|MCAD:  Setting project C:\Users\Public\Documents\Altium\PCB_Project_4\PCB_Project_4.PrjPcb () 
2024-05-03 16:41:04.5917|1|Info|MCAD:  Setting project C:\Users\Public\Documents\Altium\PCB_Project_4\PCB_Project_4.PrjPcb () 
2024-05-03 16:41:04.6463|1|Info|MCAD:  Setting project C:\Users\Public\Documents\Altium\PCB_Project_4\PCB_Project_4.PrjPcb () 
2024-05-03 16:41:44.8031|1|Debug|MCAD: ->ProjectManagerService.ClearCurrentDocument 
2024-05-03 16:41:44.8031|1|Debug|MCAD:  <-ProjectManagerService.ClearCurrentDocument Secs:0 
2024-05-03 16:41:44.8907|1|Debug|MCAD: ->ProjectManagerService.ClearCurrentDocument 
2024-05-03 16:41:44.8907|1|Debug|MCAD:  <-ProjectManagerService.ClearCurrentDocument Secs:0 
2024-05-03 16:41:53.1934|1|Info|MCAD:  Setting project C:\Users\Public\Documents\Altium\PCB_Project_2\PCB_Project_2.PrjPcb () 
2024-05-03 16:42:01.1918|1|Info|MCAD:  Setting project C:\Users\Public\Documents\Altium\PCB_Project_2\PCB_Project_2.PrjPcb () 
2024-05-03 16:42:22.7761|1|Info|MCAD:  Setting project Free Documents () 
2024-05-03 16:42:22.8826|1|Info|MCAD:  Setting project Free Documents () 
2024-05-03 16:42:22.8986|1|Info|MCAD:  Setting project C:\Users\Public\Documents\Altium\PCB_Project_4\PCB_Project_4.PrjPcb () 
2024-05-03 16:42:22.9311|1|Info|MCAD:  Setting project C:\Users\Public\Documents\Altium\PCB_Project_4\PCB_Project_4.PrjPcb () 
2024-05-03 16:43:23.6723|1|Info|MCAD:  Setting project C:\Users\Public\Documents\Altium\PCB_Project_2\PCB_Project_2.PrjPcb () 
2024-05-03 16:43:25.0505|1|Debug|MCAD: ->ProjectManagerService.ClearCurrentDocument 
2024-05-03 16:43:25.0505|1|Debug|MCAD:  <-ProjectManagerService.ClearCurrentDocument Secs:0 
2024-05-03 16:43:27.6229|1|Info|MCAD:  Setting project C:\Users\Public\Documents\Altium\PCB_Project_4\PCB_Project_4.PrjPcb () 
2024-05-03 16:43:47.9668|1|Debug|MCAD: ->ProjectManagerService.ClearCurrentDocument 
2024-05-03 16:43:47.9668|1|Debug|MCAD:  <-ProjectManagerService.ClearCurrentDocument Secs:0 
2024-05-03 16:43:53.5237|1|Info|MCAD:  Setting project C:\Users\Public\Documents\Altium\PCB_Project_2\PCB_Project_2.PrjPcb () 
2024-05-03 16:44:03.2459|1|Info|MCAD:  Setting project C:\Users\Public\Documents\Altium\PCB_Project_2\PCB_Project_2.PrjPcb () 
2024-05-03 16:44:07.7653|1|Info|MCAD:  Setting project C:\Users\Public\Documents\Altium\PCB_Project_2\PCB_Project_2.PrjPcb () 
2024-05-03 16:45:10.4673|1|Debug|MCAD: ->ProjectManagerService.ClearCurrentDocument 
2024-05-03 16:45:10.4673|1|Debug|MCAD:  <-ProjectManagerService.ClearCurrentDocument Secs:0 
2024-05-05 15:53:30.7328|1|Info|MCAD:  Setting project C:\Users\Public\Documents\Altium\PCB_Project_2\PCB_Project_2.PrjPcb () 
2024-05-05 15:53:35.8589|1|Info|MCAD:  Setting project C:\Users\Public\Documents\Altium\PCB_Project_2\PCB_Project_2.PrjPcb () 
2024-05-05 15:53:42.0749|3|Warn|MCAD: Co-Designer 3.4.0.1792, Altium Designer 23.4.1.23 (C:\Program Files\Altium\AD23\X2.EXE) 
2024-05-05 15:53:42.0749|3|Info|MCAD: Product identified as AltiumDesigner 
2024-05-05 15:53:42.9507|3|Debug|MCAD: Start updating CoDesigner UI resource keys. 
2024-05-05 15:53:42.9507|3|Debug|MCAD: Finished updating CoDesigner UI resource keys. 
2024-05-05 15:53:55.2951|1|Info|MCAD:  Setting project C:\Users\Public\Documents\Altium\PCB_Project_2\PCB_Project_2.PrjPcb () 
2024-05-05 15:55:34.5651|1|Info|MCAD:  Setting project C:\Users\Public\Documents\Altium\PCB_Project_2\PCB_Project_2.PrjPcb () 
2024-05-05 15:56:24.8370|1|Info|MCAD:  Setting project Free Documents () 
2024-05-05 15:56:25.0406|1|Info|MCAD:  Setting project Free Documents () 
2024-05-05 15:56:25.1785|1|Info|MCAD:  Setting project C:\Users\Public\Documents\Altium\PCB_Project_2\PCB_Project_2.PrjPcb () 
2024-05-05 15:56:25.5198|1|Info|MCAD:  Setting project C:\Users\Public\Documents\Altium\PCB_Project_2\PCB_Project_2.PrjPcb () 
2024-05-05 15:56:29.1753|1|Info|MCAD:  Setting project C:\Users\Public\Documents\Altium\PCB_Project_2\PCB_Project_2.PrjPcb () 
2024-05-05 15:57:10.5811|1|Info|MCAD:  Setting project C:\Users\Public\Documents\Altium\PCB_Project_2\PCB_Project_2.PrjPcb () 
2024-05-05 15:57:38.1147|1|Info|MCAD:  Setting project C:\Users\Public\Documents\Altium\PCB_Project_2\PCB_Project_2.PrjPcb () 
2024-05-05 16:07:48.3344|1|Info|MCAD:  Setting project C:\Users\Public\Documents\Altium\PCB_Project_2\PCB_Project_2.PrjPcb () 
2024-05-05 16:12:27.7219|1|Info|MCAD:  Setting project C:\Users\Public\Documents\Altium\PCB_Project_2\PCB_Project_2.PrjPcb () 
2024-05-05 16:17:39.6099|1|Info|MCAD:  Setting project Free Documents () 
2024-05-05 16:17:39.8783|1|Info|MCAD:  Setting project Free Documents () 
2024-05-05 16:17:40.0213|1|Info|MCAD:  Setting project C:\Users\Public\Documents\Altium\PCB_Project_4\PCB_Project_4.PrjPcb () 
2024-05-05 16:17:40.1062|1|Info|MCAD:  Setting project C:\Users\Public\Documents\Altium\PCB_Project_4\PCB_Project_4.PrjPcb () 
2024-05-05 16:38:38.1757|1|Info|MCAD:  Setting project C:\Users\Public\Documents\Altium\PCB_Project_2\PCB_Project_2.PrjPcb () 
2024-05-05 16:38:40.0848|1|Info|MCAD:  Setting project C:\Users\Public\Documents\Altium\PCB_Project_2\PCB_Project_2.PrjPcb () 
2024-05-05 16:39:21.7946|1|Info|MCAD:  Setting project C:\Users\Public\Documents\Altium\PCB_Project_4\PCB_Project_4.PrjPcb () 
2024-05-05 16:44:18.3022|1|Info|MCAD:  Setting project C:\Users\Public\Documents\Altium\PCB_Project_2\PCB_Project_2.PrjPcb () 
2024-05-05 16:44:19.7753|1|Info|MCAD:  Setting project C:\Users\Public\Documents\Altium\PCB_Project_2\PCB_Project_2.PrjPcb () 
2024-05-05 16:50:07.6297|1|Info|MCAD:  Setting project C:\Users\Public\Documents\Altium\PCB_Project_4\PCB_Project_4.PrjPcb () 
2024-05-05 17:22:28.9722|1|Info|MCAD:  Setting project C:\Users\Public\Documents\Altium\PCB_Project_2\PCB_Project_2.PrjPcb () 
2024-05-05 17:23:26.5553|1|Info|MCAD:  Setting project C:\Users\Public\Documents\Altium\PCB_Project_2\PCB_Project_2.PrjPcb () 
2024-05-05 17:23:27.4403|1|Info|MCAD:  Setting project C:\Users\Public\Documents\Altium\PCB_Project_4\PCB_Project_4.PrjPcb () 
2024-05-05 17:23:28.2165|1|Info|MCAD:  Setting project C:\Users\Public\Documents\Altium\PCB_Project_2\PCB_Project_2.PrjPcb () 
2024-05-05 17:23:30.9820|1|Info|MCAD:  Setting project C:\Users\Public\Documents\Altium\PCB_Project_4\PCB_Project_4.PrjPcb () 
2024-05-05 17:23:31.7124|1|Info|MCAD:  Setting project C:\Users\Public\Documents\Altium\PCB_Project_2\PCB_Project_2.PrjPcb () 
2024-05-05 17:23:32.7675|1|Info|MCAD:  Setting project C:\Users\Public\Documents\Altium\PCB_Project_4\PCB_Project_4.PrjPcb () 
2024-05-05 17:23:50.5503|1|Info|MCAD:  Setting project C:\Users\Public\Documents\Altium\PCB_Project_2\PCB_Project_2.PrjPcb () 
2024-05-05 17:23:51.9729|1|Info|MCAD:  Setting project C:\Users\Public\Documents\Altium\PCB_Project_4\PCB_Project_4.PrjPcb () 
2024-05-05 17:24:19.2874|1|Info|MCAD:  Setting project C:\Users\Public\Documents\Altium\PCB_Project_2\PCB_Project_2.PrjPcb () 
2024-05-05 17:24:25.6367|1|Info|MCAD:  Setting project C:\Users\Public\Documents\Altium\PCB_Project_4\PCB_Project_4.PrjPcb () 
2024-05-05 17:25:15.1971|1|Info|MCAD:  Setting project C:\Users\Public\Documents\Altium\PCB_Project_2\PCB_Project_2.PrjPcb () 
2024-05-05 17:25:16.9791|1|Info|MCAD:  Setting project C:\Users\Public\Documents\Altium\PCB_Project_4\PCB_Project_4.PrjPcb () 
2024-05-05 17:25:41.9025|1|Info|MCAD:  Setting project C:\Users\Public\Documents\Altium\PCB_Project_2\PCB_Project_2.PrjPcb () 
2024-05-05 17:25:52.8355|1|Info|MCAD:  Setting project C:\Users\Public\Documents\Altium\PCB_Project_4\PCB_Project_4.PrjPcb () 
2024-05-05 17:28:03.4840|1|Info|MCAD:  Setting project C:\Users\Public\Documents\Altium\PCB_Project_2\PCB_Project_2.PrjPcb () 
2024-05-05 17:28:12.5775|1|Info|MCAD:  Setting project C:\Users\Public\Documents\Altium\PCB_Project_4\PCB_Project_4.PrjPcb () 
2024-05-05 17:28:50.0071|1|Info|MCAD:  Setting project C:\Users\Public\Documents\Altium\PCB_Project_2\PCB_Project_2.PrjPcb () 
2024-05-05 17:29:01.8934|1|Info|MCAD:  Setting project C:\Users\Public\Documents\Altium\PCB_Project_4\PCB_Project_4.PrjPcb () 
2024-05-05 17:29:13.1824|1|Info|MCAD:  Setting project C:\Users\Public\Documents\Altium\PCB_Project_2\PCB_Project_2.PrjPcb () 
2024-05-05 17:29:16.3004|1|Info|MCAD:  Setting project C:\Users\Public\Documents\Altium\PCB_Project_4\PCB_Project_4.PrjPcb () 
2024-05-05 17:30:13.3359|1|Info|MCAD:  Setting project C:\Users\Public\Documents\Altium\PCB_Project_2\PCB_Project_2.PrjPcb () 
2024-05-05 17:30:15.0404|1|Info|MCAD:  Setting project C:\Users\Public\Documents\Altium\PCB_Project_4\PCB_Project_4.PrjPcb () 
2024-05-05 17:30:16.5379|1|Info|MCAD:  Setting project C:\Users\Public\Documents\Altium\PCB_Project_2\PCB_Project_2.PrjPcb () 
2024-05-05 17:30:25.5482|1|Info|MCAD:  Setting project C:\Users\Public\Documents\Altium\PCB_Project_4\PCB_Project_4.PrjPcb () 
2024-05-05 17:34:39.7530|1|Info|MCAD:  Setting project C:\Users\Public\Documents\Altium\PCB_Project_2\PCB_Project_2.PrjPcb () 
2024-05-05 17:34:46.6553|1|Info|MCAD:  Setting project C:\Users\Public\Documents\Altium\PCB_Project_4\PCB_Project_4.PrjPcb () 
2024-05-05 17:35:09.6746|1|Info|MCAD:  Setting project C:\Users\Public\Documents\Altium\PCB_Project_2\PCB_Project_2.PrjPcb () 
2024-05-05 17:35:11.9987|1|Info|MCAD:  Setting project C:\Users\Public\Documents\Altium\PCB_Project_4\PCB_Project_4.PrjPcb () 
2024-05-05 17:35:16.4104|1|Info|MCAD:  Setting project C:\Users\Public\Documents\Altium\PCB_Project_2\PCB_Project_2.PrjPcb () 
2024-05-05 17:35:21.7891|1|Info|MCAD:  Setting project C:\Users\Public\Documents\Altium\PCB_Project_4\PCB_Project_4.PrjPcb () 
2024-05-05 17:35:29.4485|1|Info|MCAD:  Setting project C:\Users\Public\Documents\Altium\PCB_Project_2\PCB_Project_2.PrjPcb () 
2024-05-05 17:35:32.2811|1|Info|MCAD:  Setting project C:\Users\Public\Documents\Altium\PCB_Project_4\PCB_Project_4.PrjPcb () 
2024-05-05 17:40:04.4882|1|Info|MCAD:  Setting project C:\Users\Public\Documents\Altium\PCB_Project_2\PCB_Project_2.PrjPcb () 
2024-05-05 17:40:11.6188|1|Info|MCAD:  Setting project C:\Users\Public\Documents\Altium\PCB_Project_4\PCB_Project_4.PrjPcb () 
2024-05-05 17:41:07.7637|1|Info|MCAD:  Setting project C:\Users\Public\Documents\Altium\PCB_Project_2\PCB_Project_2.PrjPcb () 
2024-05-05 17:46:25.3388|1|Info|MCAD:  Setting project C:\Users\Public\Documents\Altium\PCB_Project_4\PCB_Project_4.PrjPcb () 
2024-05-05 17:46:27.9115|1|Info|MCAD:  Setting project C:\Users\Public\Documents\Altium\PCB_Project_2\PCB_Project_2.PrjPcb () 
2024-05-05 17:52:36.7900|1|Info|MCAD:  Setting project C:\Users\Public\Documents\Altium\PCB_Project_4\PCB_Project_4.PrjPcb () 
2024-05-05 18:05:58.5262|1|Info|MCAD:  Setting project C:\Users\Public\Documents\Altium\PCB_Project_4\PCB_Project_4.PrjPcb () 
2024-05-05 18:10:41.3431|1|Info|MCAD:  Setting project C:\Users\Public\Documents\Altium\PCB_Project_2\PCB_Project_2.PrjPcb () 
2024-05-05 18:11:05.4410|1|Info|MCAD:  Setting project C:\Users\Public\Documents\Altium\PCB_Project_4\PCB_Project_4.PrjPcb () 
2024-05-05 19:20:50.8324|1|Info|MCAD:  Setting project C:\Users\Public\Documents\Altium\PCB_Project_2\PCB_Project_2.PrjPcb () 
2024-05-05 19:20:55.7621|1|Info|MCAD:  Setting project C:\Users\Public\Documents\Altium\PCB_Project_2\PCB_Project_2.PrjPcb () 
2024-05-05 19:20:57.7090|1|Info|MCAD:  Setting project C:\Users\Public\Documents\Altium\PCB_Project_4\PCB_Project_4.PrjPcb () 
2024-05-05 19:38:32.9398|1|Info|MCAD:  Setting project C:\Users\Public\Documents\Altium\PCB_Project_2\PCB_Project_2.PrjPcb () 
2024-05-05 19:38:37.9327|1|Info|MCAD:  Setting project C:\Users\Public\Documents\Altium\PCB_Project_4\PCB_Project_4.PrjPcb () 
2024-05-05 22:11:25.9566|1|Debug|MCAD: ->ProjectManagerService.ClearCurrentDocument 
2024-05-05 22:11:25.9566|1|Debug|MCAD:  <-ProjectManagerService.ClearCurrentDocument Secs:0 
2024-05-05 22:11:25.9566|1|Info|MCAD:  Setting project C:\Users\Public\Documents\Altium\PCB_Project_4\PCB_Project_4.PrjPcb () 
2024-05-05 22:11:25.9566|1|Info|MCAD:  Setting project C:\Users\Public\Documents\Altium\PCB_Project_4\PCB_Project_4.PrjPcb () 
2024-05-05 22:11:26.0379|1|Debug|MCAD: ->ProjectManagerService.ClearCurrentDocument 
2024-05-05 22:11:26.0379|1|Debug|MCAD:  <-ProjectManagerService.ClearCurrentDocument Secs:0 
2024-05-05 22:11:26.0379|1|Info|MCAD:  Setting project C:\Users\Public\Documents\Altium\PCB_Project_4\PCB_Project_4.PrjPcb () 
2024-05-05 22:11:26.0799|1|Info|MCAD:  Setting project C:\Users\Public\Documents\Altium\PCB_Project_4\PCB_Project_4.PrjPcb () 
2024-05-05 22:11:26.2078|1|Debug|MCAD: ->ProjectManagerService.ClearCurrentDocument 
2024-05-05 22:11:26.2078|1|Debug|MCAD:  <-ProjectManagerService.ClearCurrentDocument Secs:0 
2024-05-06 10:28:40.6025|1|Info|MCAD:  Setting project C:\Users\Public\Documents\Altium\PCB_Project_4\PCB_Project_4.PrjPcb () 
2024-05-06 10:28:41.8690|1|Info|MCAD:  Setting project C:\Users\Public\Documents\Altium\PCB_Project_2\PCB_Project_2.PrjPcb () 
2024-05-06 10:28:42.9341|1|Info|MCAD:  Setting project C:\Users\Public\Documents\Altium\PCB_Project_2\PCB_Project_2.PrjPcb () 
2024-05-06 10:28:46.8409|1|Info|MCAD:  Setting project C:\Users\Public\Documents\Altium\PCB_Project_4\PCB_Project_4.PrjPcb () 
2024-05-06 10:28:53.0050|22|Warn|MCAD: Co-Designer 3.4.0.1792, Altium Designer 23.4.1.23 (C:\Program Files\Altium\AD23\X2.EXE) 
2024-05-06 10:28:53.0050|22|Info|MCAD: Product identified as AltiumDesigner 
2024-05-06 10:28:55.2253|22|Debug|MCAD: Start updating CoDesigner UI resource keys. 
2024-05-06 10:28:55.2354|22|Debug|MCAD: Finished updating CoDesigner UI resource keys. 
2024-05-06 10:29:09.0598|1|Info|MCAD:  Setting project C:\Users\Public\Documents\Altium\PCB_Project_4\PCB_Project_4.PrjPcb () 
2024-05-06 10:29:47.6645|1|Info|MCAD:  Setting project C:\Users\Public\Documents\Altium\PCB_Project_4\PCB_Project_4.PrjPcb () 
2024-05-06 14:05:28.3090|1|Info|MCAD:  Setting project C:\Users\Public\Documents\Altium\PCB_Project_4\PCB_Project_4.PrjPcb () 
2024-05-06 14:05:29.9811|1|Info|MCAD:  Setting project C:\Users\Public\Documents\Altium\PCB_Project_2\PCB_Project_2.PrjPcb () 
2024-05-06 14:05:31.7473|1|Info|MCAD:  Setting project C:\Users\Public\Documents\Altium\PCB_Project_2\PCB_Project_2.PrjPcb () 
2024-05-06 14:05:34.9561|1|Info|MCAD:  Setting project C:\Users\Public\Documents\Altium\PCB_Project_4\PCB_Project_4.PrjPcb () 
2024-05-06 14:05:40.0452|3|Warn|MCAD: Co-Designer 3.4.0.1792, Altium Designer 23.4.1.23 (C:\Program Files\Altium\AD23\X2.EXE) 
2024-05-06 14:05:40.0452|3|Info|MCAD: Product identified as AltiumDesigner 
2024-05-06 14:05:41.5419|3|Debug|MCAD: Start updating CoDesigner UI resource keys. 
2024-05-06 14:05:41.5490|3|Debug|MCAD: Finished updating CoDesigner UI resource keys. 
2024-05-06 14:12:05.9976|1|Info|MCAD:  Setting project C:\Users\Public\Documents\Altium\PCB_Project_2\PCB_Project_2.PrjPcb () 
2024-05-06 14:12:09.6088|1|Info|MCAD:  Setting project C:\Users\Public\Documents\Altium\PCB_Project_2\PCB_Project_2.PrjPcb () 
2024-05-06 14:12:11.8933|1|Info|MCAD:  Setting project C:\Users\Public\Documents\Altium\PCB_Project_4\PCB_Project_4.PrjPcb () 
2024-05-06 14:14:20.7768|1|Info|MCAD:  Setting project C:\Users\Public\Documents\Altium\PCB_Project_4\PCB_Project_4.PrjPcb () 
2024-05-06 14:28:37.2022|1|Info|MCAD:  Setting project C:\Users\Public\Documents\Altium\PCB_Project_4\PCB_Project_4.PrjPcb () 
2024-05-06 14:32:52.9864|1|Info|MCAD:  Setting project C:\Users\Public\Documents\Altium\PCB_Project_4\PCB_Project_4.PrjPcb () 
2024-05-06 14:33:03.1304|1|Info|MCAD:  Setting project C:\Users\Public\Documents\Altium\PCB_Project_4\PCB_Project_4.PrjPcb () 
2024-05-06 14:40:24.3049|1|Info|MCAD:  Setting project C:\Users\Public\Documents\Altium\PCB_Project_4\PCB_Project_4.PrjPcb () 
2024-05-06 14:56:03.5801|1|Info|MCAD:  Setting project C:\Users\Public\Documents\Altium\PCB_Project_4\PCB_Project_4.PrjPcb () 
2024-05-06 15:54:40.8509|1|Debug|MCAD: ->ProjectManagerService.ClearCurrentDocument 
2024-05-06 15:54:40.8509|1|Debug|MCAD:  <-ProjectManagerService.ClearCurrentDocument Secs:0 
2024-05-06 15:54:40.8509|1|Info|MCAD:  Setting project C:\Users\Public\Documents\Altium\PCB_Project_4\PCB_Project_4.PrjPcb () 
2024-05-06 15:54:40.9204|1|Debug|MCAD: ->ProjectManagerService.ClearCurrentDocument 
2024-05-06 15:54:40.9204|1|Debug|MCAD:  <-ProjectManagerService.ClearCurrentDocument Secs:0 
2024-05-06 15:54:40.9204|1|Info|MCAD:  Setting project C:\Users\Public\Documents\Altium\PCB_Project_4\PCB_Project_4.PrjPcb () 
2024-05-06 15:54:43.6091|1|Info|MCAD:  Setting project C:\Users\Public\Documents\Altium\PCB_Project_4\PCB_Project_4.PrjPcb () 
2024-05-06 15:54:43.6091|1|Info|MCAD:  Setting project C:\Users\Public\Documents\Altium\PCB_Project_4\PCB_Project_4.PrjPcb () 
2024-05-06 15:54:43.7166|1|Debug|MCAD: ->ProjectManagerService.ClearCurrentDocument 
2024-05-06 15:54:43.7166|1|Debug|MCAD:  <-ProjectManagerService.ClearCurrentDocument Secs:0 
2024-05-06 19:32:10.1809|1|Info|MCAD:  Setting project C:\Users\Public\Documents\Altium\PCB_Project_4\PCB_Project_4.PrjPcb () 
2024-05-06 19:32:12.2356|1|Info|MCAD:  Setting project C:\Users\Public\Documents\Altium\PCB_Project_2\PCB_Project_2.PrjPcb () 
2024-05-06 19:32:13.4958|1|Info|MCAD:  Setting project C:\Users\Public\Documents\Altium\PCB_Project_2\PCB_Project_2.PrjPcb () 
2024-05-06 19:32:15.8074|1|Info|MCAD:  Setting project C:\Users\Public\Documents\Altium\PCB_Project_4\PCB_Project_4.PrjPcb () 
2024-05-06 19:32:19.0553|26|Warn|MCAD: Co-Designer 3.4.0.1792, Altium Designer 23.4.1.23 (C:\Program Files\Altium\AD23\X2.EXE) 
2024-05-06 19:32:19.0553|26|Info|MCAD: Product identified as AltiumDesigner 
2024-05-06 19:32:20.6575|26|Debug|MCAD: Start updating CoDesigner UI resource keys. 
2024-05-06 19:32:20.6575|26|Debug|MCAD: Finished updating CoDesigner UI resource keys. 
2024-05-06 19:32:46.1951|1|Info|MCAD:  Setting project C:\Users\Public\Documents\Altium\PCB_Project_4\PCB_Project_4.PrjPcb () 
2024-05-06 19:32:46.4637|1|Info|MCAD:  Setting project C:\Users\Public\Documents\Altium\PCB_Project_2\PCB_Project_2.PrjPcb () 
2024-05-06 19:32:56.2170|1|Info|MCAD:  Setting project C:\Users\Public\Documents\Altium\PCB_Project_4\PCB_Project_4.PrjPcb () 
2024-05-06 20:46:25.0653|1|Info|MCAD:  Setting project C:\Users\Public\Documents\Altium\PCB_Project_2\PCB_Project_2.PrjPcb () 
2024-05-06 20:46:26.1992|1|Info|MCAD:  Setting project C:\Users\Public\Documents\Altium\PCB_Project_4\PCB_Project_4.PrjPcb () 
2024-05-06 21:25:57.4212|1|Debug|MCAD: ->ProjectManagerService.ClearCurrentDocument 
2024-05-06 21:25:57.4212|1|Debug|MCAD:  <-ProjectManagerService.ClearCurrentDocument Secs:0 
2024-05-06 21:25:57.4212|1|Info|MCAD:  Setting project C:\Users\Public\Documents\Altium\PCB_Project_4\PCB_Project_4.PrjPcb () 
2024-05-06 21:25:57.5010|1|Debug|MCAD: ->ProjectManagerService.ClearCurrentDocument 
2024-05-06 21:25:57.5010|1|Debug|MCAD:  <-ProjectManagerService.ClearCurrentDocument Secs:0 
2024-05-06 21:25:57.5010|1|Info|MCAD:  Setting project C:\Users\Public\Documents\Altium\PCB_Project_4\PCB_Project_4.PrjPcb () 
2024-05-06 21:25:58.3936|1|Info|MCAD:  Setting project C:\Users\Public\Documents\Altium\PCB_Project_4\PCB_Project_4.PrjPcb () 
2024-05-06 21:25:58.4026|1|Info|MCAD:  Setting project C:\Users\Public\Documents\Altium\PCB_Project_4\PCB_Project_4.PrjPcb () 
2024-05-06 21:25:58.4783|1|Debug|MCAD: ->ProjectManagerService.ClearCurrentDocument 
2024-05-06 21:25:58.4783|1|Debug|MCAD:  <-ProjectManagerService.ClearCurrentDocument Secs:0 
2024-05-07 23:16:01.2267|1|Info|MCAD:  Setting project C:\Users\Public\Documents\Altium\PCB_Project_4\PCB_Project_4.PrjPcb () 
2024-05-07 23:16:03.1454|1|Info|MCAD:  Setting project C:\Users\Public\Documents\Altium\PCB_Project_2\PCB_Project_2.PrjPcb () 
2024-05-07 23:16:05.1291|1|Info|MCAD:  Setting project C:\Users\Public\Documents\Altium\PCB_Project_2\PCB_Project_2.PrjPcb () 
2024-05-07 23:16:09.1976|1|Info|MCAD:  Setting project C:\Users\Public\Documents\Altium\PCB_Project_4\PCB_Project_4.PrjPcb () 
2024-05-07 23:16:16.0299|21|Warn|MCAD: Co-Designer 3.4.0.1792, Altium Designer 23.4.1.23 (C:\Program Files\Altium\AD23\X2.EXE) 
2024-05-07 23:16:16.0299|21|Info|MCAD: Product identified as AltiumDesigner 
2024-05-07 23:16:19.9042|21|Debug|MCAD: Start updating CoDesigner UI resource keys. 
2024-05-07 23:16:19.9042|21|Debug|MCAD: Finished updating CoDesigner UI resource keys. 
2024-05-07 23:16:25.4497|1|Info|MCAD:  Setting project C:\Users\Public\Documents\Altium\PCB_Project_4\PCB_Project_4.PrjPcb () 
2024-05-07 23:16:39.3489|1|Info|MCAD:  Setting project C:\Users\Public\Documents\Altium\PCB_Project_4\PCB_Project_4.PrjPcb () 
2024-05-08 01:35:24.2109|1|Debug|MCAD: ->ProjectManagerService.ClearCurrentDocument 
2024-05-08 01:35:24.2109|1|Debug|MCAD:  <-ProjectManagerService.ClearCurrentDocument Secs:0 
2024-05-08 01:35:24.3012|1|Debug|MCAD: ->ProjectManagerService.ClearCurrentDocument 
2024-05-08 01:35:24.3012|1|Debug|MCAD:  <-ProjectManagerService.ClearCurrentDocument Secs:0 
2024-05-08 01:35:27.5394|1|Info|MCAD:  Setting project C:\Users\Public\Documents\Altium\PCB_Project_4\PCB_Project_4.PrjPcb () 
2024-05-08 01:35:27.5817|1|Info|MCAD:  Setting project C:\Users\Public\Documents\Altium\PCB_Project_4\PCB_Project_4.PrjPcb () 
2024-05-08 01:35:27.8811|1|Debug|MCAD: ->ProjectManagerService.ClearCurrentDocument 
2024-05-08 01:35:27.8811|1|Debug|MCAD:  <-ProjectManagerService.ClearCurrentDocument Secs:0 
2024-05-08 19:38:31.9881|1|Info|MCAD:  Setting project C:\Users\Public\Documents\Altium\PCB_Project_4\PCB_Project_4.PrjPcb () 
2024-05-08 19:38:32.5108|1|Info|MCAD:  Setting project C:\Users\Public\Documents\Altium\PCB_Project_2\PCB_Project_2.PrjPcb () 
2024-05-08 19:38:33.0673|1|Info|MCAD:  Setting project C:\Users\Public\Documents\Altium\PCB_Project_2\PCB_Project_2.PrjPcb () 
2024-05-08 19:38:39.0043|9|Warn|MCAD: Co-Designer 3.4.0.1792, Altium Designer 23.4.1.23 (C:\Program Files\Altium\AD23\X2.EXE) 
2024-05-08 19:38:39.0043|9|Info|MCAD: Product identified as AltiumDesigner 
2024-05-08 19:38:39.2936|9|Debug|MCAD: Start updating CoDesigner UI resource keys. 
2024-05-08 19:38:39.2975|9|Debug|MCAD: Finished updating CoDesigner UI resource keys. 
2024-05-08 19:38:42.9273|1|Info|MCAD:  Setting project C:\Users\Public\Documents\Altium\PCB_Project_2\PCB_Project_2.PrjPcb () 
2024-05-08 19:38:44.6885|1|Info|MCAD:  Setting project C:\Users\Public\Documents\Altium\PCB_Project_2\PCB_Project_2.PrjPcb () 
2024-05-08 19:38:46.1443|1|Info|MCAD:  Setting project C:\Users\Public\Documents\Altium\PCB_Project_2\PCB_Project_2.PrjPcb () 
2024-05-08 19:38:48.5718|1|Info|MCAD:  Setting project C:\Users\Public\Documents\Altium\PCB_Project_4\PCB_Project_4.PrjPcb () 
2024-05-08 19:38:55.2379|1|Info|MCAD:  Setting project C:\Users\Public\Documents\Altium\PCB_Project_2\PCB_Project_2.PrjPcb () 
2024-05-08 19:39:04.0761|1|Info|MCAD:  Setting project C:\Users\Public\Documents\Altium\PCB_Project_4\PCB_Project_4.PrjPcb () 
2024-05-08 19:39:56.8484|1|Info|MCAD:  Setting project C:\Users\Public\Documents\Altium\PCB_Project_2\PCB_Project_2.PrjPcb () 
2024-05-08 19:41:13.4827|1|Debug|MCAD: ->ProjectManagerService.ClearCurrentDocument 
2024-05-08 19:41:13.4827|1|Debug|MCAD:  <-ProjectManagerService.ClearCurrentDocument Secs:0 
2024-05-08 19:41:13.4827|1|Info|MCAD:  Setting project C:\Users\Public\Documents\Altium\PCB_Project_2\PCB_Project_2.PrjPcb () 
2024-05-08 19:41:13.5372|1|Debug|MCAD: ->ProjectManagerService.ClearCurrentDocument 
2024-05-08 19:41:13.5372|1|Debug|MCAD:  <-ProjectManagerService.ClearCurrentDocument Secs:0 
2024-05-08 19:41:13.5372|1|Info|MCAD:  Setting project C:\Users\Public\Documents\Altium\PCB_Project_4\PCB_Project_4.PrjPcb () 
2024-05-08 19:41:13.9562|1|Info|MCAD:  Setting project C:\Users\Public\Documents\Altium\PCB_Project_4\PCB_Project_4.PrjPcb () 
2024-05-08 19:41:13.9562|1|Info|MCAD:  Setting project C:\Users\Public\Documents\Altium\PCB_Project_4\PCB_Project_4.PrjPcb () 
2024-05-08 19:41:14.0152|1|Debug|MCAD: ->ProjectManagerService.ClearCurrentDocument 
2024-05-08 19:41:14.0152|1|Debug|MCAD:  <-ProjectManagerService.ClearCurrentDocument Secs:0 
2024-05-09 14:12:57.0086|1|Info|MCAD:  Setting project C:\Users\Public\Documents\Altium\PCB_Project_4\PCB_Project_4.PrjPcb () 
2024-05-09 14:12:58.1076|1|Info|MCAD:  Setting project C:\Users\Public\Documents\Altium\PCB_Project_2\PCB_Project_2.PrjPcb () 
2024-05-09 14:12:59.0570|1|Info|MCAD:  Setting project C:\Users\Public\Documents\Altium\PCB_Project_2\PCB_Project_2.PrjPcb () 
2024-05-09 14:13:01.3040|1|Info|MCAD:  Setting project C:\Users\Public\Documents\Altium\PCB_Project_2\PCB_Project_2.PrjPcb () 
2024-05-09 14:13:02.8831|18|Warn|MCAD: Co-Designer 3.4.0.1792, Altium Designer 23.4.1.23 (C:\Program Files\Altium\AD23\X2.EXE) 
2024-05-09 14:13:02.8831|18|Info|MCAD: Product identified as AltiumDesigner 
2024-05-09 14:13:02.9181|18|Debug|MCAD: Start updating CoDesigner UI resource keys. 
2024-05-09 14:13:02.9211|18|Debug|MCAD: Finished updating CoDesigner UI resource keys. 
2024-05-09 14:16:52.7198|1|Info|MCAD:  Setting project C:\Users\Public\Documents\Altium\PCB_Project_4\PCB_Project_4.PrjPcb () 
2024-05-09 14:16:53.7605|1|Info|MCAD:  Setting project C:\Users\Public\Documents\Altium\PCB_Project_2\PCB_Project_2.PrjPcb () 
2024-05-09 14:16:54.8328|1|Info|MCAD:  Setting project C:\Users\Public\Documents\Altium\PCB_Project_2\PCB_Project_2.PrjPcb () 
2024-05-09 14:16:55.6616|1|Info|MCAD:  Setting project C:\Users\Public\Documents\Altium\PCB_Project_2\PCB_Project_2.PrjPcb () 
2024-05-09 14:16:56.4119|4|Warn|MCAD: Co-Designer 3.4.0.1792, Altium Designer 23.4.1.23 (C:\Program Files\Altium\AD23\X2.EXE) 
2024-05-09 14:16:56.4119|4|Info|MCAD: Product identified as AltiumDesigner 
2024-05-09 14:16:56.4509|4|Debug|MCAD: Start updating CoDesigner UI resource keys. 
2024-05-09 14:16:56.4509|4|Debug|MCAD: Finished updating CoDesigner UI resource keys. 
2024-05-09 14:17:09.2919|1|Info|MCAD:  Setting project C:\Users\Public\Documents\Altium\PCB_Project_4\PCB_Project_4.PrjPcb () 
2024-05-09 14:17:43.0248|1|Info|MCAD:  Setting project C:\Users\Public\Documents\Altium\PCB_Project_4\PCB_Project_4.PrjPcb () 
2024-05-09 14:18:33.4482|1|Info|MCAD:  Setting project C:\Users\Public\Documents\Altium\PCB_Project_2\PCB_Project_2.PrjPcb () 
2024-05-09 14:18:37.3569|1|Info|MCAD:  Setting project C:\Users\Public\Documents\Altium\PCB_Project_4\PCB_Project_4.PrjPcb () 
2024-05-09 14:18:44.6468|1|Info|MCAD:  Setting project C:\Users\Public\Documents\Altium\PCB_Project_2\PCB_Project_2.PrjPcb () 
2024-05-09 14:18:47.4128|1|Info|MCAD:  Setting project C:\Users\Public\Documents\Altium\PCB_Project_4\PCB_Project_4.PrjPcb () 
2024-05-09 14:18:50.6254|1|Info|MCAD:  Setting project C:\Users\Public\Documents\Altium\PCB_Project_2\PCB_Project_2.PrjPcb () 
2024-05-09 14:19:05.7503|1|Info|MCAD:  Setting project C:\Users\Public\Documents\Altium\PCB_Project_4\PCB_Project_4.PrjPcb () 
2024-05-09 14:28:40.6001|1|Info|MCAD:  Setting project C:\Users\Public\Documents\Altium\PCB_Project_2\PCB_Project_2.PrjPcb () 
2024-05-09 14:28:46.1963|1|Info|MCAD:  Setting project C:\Users\Public\Documents\Altium\PCB_Project_4\PCB_Project_4.PrjPcb () 
2024-05-09 14:29:02.3565|1|Info|MCAD:  Setting project C:\Users\Public\Documents\Altium\PCB_Project_2\PCB_Project_2.PrjPcb () 
2024-05-09 14:29:04.5803|1|Info|MCAD:  Setting project C:\Users\Public\Documents\Altium\PCB_Project_4\PCB_Project_4.PrjPcb () 
2024-05-09 14:29:07.3056|1|Info|MCAD:  Setting project C:\Users\Public\Documents\Altium\PCB_Project_2\PCB_Project_2.PrjPcb () 
2024-05-09 14:29:10.1608|1|Info|MCAD:  Setting project C:\Users\Public\Documents\Altium\PCB_Project_4\PCB_Project_4.PrjPcb () 
2024-05-09 14:31:21.9178|1|Debug|MCAD: ->ProjectManagerService.ClearCurrentDocument 
2024-05-09 14:31:21.9178|1|Debug|MCAD:  <-ProjectManagerService.ClearCurrentDocument Secs:0 
2024-05-09 14:31:21.9188|1|Info|MCAD:  Setting project C:\Users\Public\Documents\Altium\PCB_Project_4\PCB_Project_4.PrjPcb () 
2024-05-09 14:31:21.9966|1|Debug|MCAD: ->ProjectManagerService.ClearCurrentDocument 
2024-05-09 14:31:21.9966|1|Debug|MCAD:  <-ProjectManagerService.ClearCurrentDocument Secs:0 
2024-05-09 14:31:21.9966|1|Info|MCAD:  Setting project C:\Users\Public\Documents\Altium\PCB_Project_4\PCB_Project_4.PrjPcb () 
2024-05-09 14:31:22.5824|1|Info|MCAD:  Setting project C:\Users\Public\Documents\Altium\PCB_Project_4\PCB_Project_4.PrjPcb () 
2024-05-09 14:31:22.5926|1|Info|MCAD:  Setting project C:\Users\Public\Documents\Altium\PCB_Project_4\PCB_Project_4.PrjPcb () 
2024-05-09 14:31:22.6660|1|Debug|MCAD: ->ProjectManagerService.ClearCurrentDocument 
2024-05-09 14:31:22.6660|1|Debug|MCAD:  <-ProjectManagerService.ClearCurrentDocument Secs:0 
2024-05-09 14:31:36.7911|1|Debug|MCAD: ->ProjectManagerService.ClearCurrentDocument 
2024-05-09 14:31:36.7911|1|Debug|MCAD:  <-ProjectManagerService.ClearCurrentDocument Secs:0 
2024-05-09 14:31:36.9115|1|Debug|MCAD: ->ProjectManagerService.ClearCurrentDocument 
2024-05-09 14:31:36.9115|1|Debug|MCAD:  <-ProjectManagerService.ClearCurrentDocument Secs:0 
2024-05-09 14:31:37.3525|1|Debug|MCAD: ->ProjectManagerService.ClearCurrentDocument 
2024-05-09 14:31:37.3525|1|Debug|MCAD:  <-ProjectManagerService.ClearCurrentDocument Secs:0 
2024-05-09 14:58:28.0098|1|Info|MCAD:  Setting project C:\Users\Public\Documents\Altium\PCB_Project_4\PCB_Project_4.PrjPcb () 
2024-05-09 14:58:28.5506|1|Info|MCAD:  Setting project C:\Users\Public\Documents\Altium\PCB_Project_2\PCB_Project_2.PrjPcb () 
2024-05-09 14:58:29.1065|1|Info|MCAD:  Setting project C:\Users\Public\Documents\Altium\PCB_Project_2\PCB_Project_2.PrjPcb () 
2024-05-09 14:58:30.8991|1|Info|MCAD:  Setting project C:\Users\Public\Documents\Altium\PCB_Project_4\PCB_Project_4.PrjPcb () 
2024-05-09 14:58:34.7541|10|Warn|MCAD: Co-Designer 3.4.0.1792, Altium Designer 23.4.1.23 (C:\Program Files\Altium\AD23\X2.EXE) 
2024-05-09 14:58:34.7541|10|Info|MCAD: Product identified as AltiumDesigner 
2024-05-09 14:58:35.8761|10|Debug|MCAD: Start updating CoDesigner UI resource keys. 
2024-05-09 14:58:35.8761|10|Debug|MCAD: Finished updating CoDesigner UI resource keys. 
2024-05-09 15:02:10.1260|1|Info|MCAD:  Setting project C:\Users\Public\Documents\Altium\PCB_Project_2\PCB_Project_2.PrjPcb () 
2024-05-09 15:02:14.0886|1|Info|MCAD:  Setting project C:\Users\Public\Documents\Altium\PCB_Project_2\PCB_Project_2.PrjPcb () 
2024-05-09 15:02:15.0979|1|Info|MCAD:  Setting project C:\Users\Public\Documents\Altium\PCB_Project_4\PCB_Project_4.PrjPcb () 
2024-05-09 15:03:01.5776|1|Info|MCAD:  Setting project C:\Users\Public\Documents\Altium\PCB_Project_2\PCB_Project_2.PrjPcb () 
2024-05-09 15:03:03.6440|1|Info|MCAD:  Setting project C:\Users\Public\Documents\Altium\PCB_Project_4\PCB_Project_4.PrjPcb () 
2024-05-09 15:33:59.2517|1|Info|MCAD:  Setting project C:\Users\Public\Documents\Altium\PCB_Project_4\PCB_Project_4.PrjPcb () 
2024-05-09 15:57:44.7175|1|Info|MCAD:  Setting project C:\Users\Public\Documents\Altium\PCB_Project_4\PCB_Project_4.PrjPcb () 
2024-05-09 15:59:09.6374|1|Info|MCAD:  Setting project C:\Users\Public\Documents\Altium\PCB_Project_2\PCB_Project_2.PrjPcb () 
2024-05-09 15:59:10.2326|1|Info|MCAD:  Setting project C:\Users\Public\Documents\Altium\PCB_Project_4\PCB_Project_4.PrjPcb () 
2024-05-09 15:59:12.9580|1|Info|MCAD:  Setting project C:\Users\Public\Documents\Altium\PCB_Project_2\PCB_Project_2.PrjPcb () 
2024-05-09 15:59:44.6864|1|Info|MCAD:  Setting project C:\Users\Public\Documents\Altium\PCB_Project_2\PCB_Project_2.PrjPcb () 
2024-05-09 15:59:57.7096|1|Info|MCAD:  Setting project C:\Users\Public\Documents\Altium\PCB_Project_2\PCB_Project_2.PrjPcb () 
2024-05-09 15:59:58.5793|1|Info|MCAD:  Setting project C:\Users\Public\Documents\Altium\PCB_Project_2\PCB_Project_2.PrjPcb () 
2024-05-09 16:00:18.3277|1|Info|MCAD:  Setting project C:\Users\Public\Documents\Altium\PCB_Project_2\PCB_Project_2.PrjPcb () 
2024-05-09 16:00:19.6098|1|Info|MCAD:  Setting project C:\Users\Public\Documents\Altium\PCB_Project_4\PCB_Project_4.PrjPcb () 
2024-05-09 16:01:18.3688|1|Info|MCAD:  Setting project C:\Users\Public\Documents\Altium\PCB_Project_2\PCB_Project_2.PrjPcb () 
2024-05-09 16:01:28.3895|1|Info|MCAD:  Setting project C:\Users\Public\Documents\Altium\PCB_Project_2\PCB_Project_2.PrjPcb () 
2024-05-09 16:02:04.6789|1|Info|MCAD:  Setting project C:\Users\Public\Documents\Altium\PCB_Project_2\PCB_Project_2.PrjPcb () 
2024-05-09 16:02:05.5637|1|Info|MCAD:  Setting project C:\Users\Public\Documents\Altium\PCB_Project_4\PCB_Project_4.PrjPcb () 
2024-05-09 16:02:27.5762|1|Info|MCAD:  Setting project C:\Users\Public\Documents\Altium\PCB_Project_2\PCB_Project_2.PrjPcb () 
2024-05-09 16:02:28.5790|1|Info|MCAD:  Setting project C:\Users\Public\Documents\Altium\PCB_Project_4\PCB_Project_4.PrjPcb () 
2024-05-09 16:02:44.3735|1|Info|MCAD:  Setting project C:\Users\Public\Documents\Altium\PCB_Project_2\PCB_Project_2.PrjPcb () 
2024-05-09 16:02:45.1551|1|Info|MCAD:  Setting project C:\Users\Public\Documents\Altium\PCB_Project_4\PCB_Project_4.PrjPcb () 
2024-05-09 16:03:44.1606|1|Info|MCAD:  Setting project C:\Users\Public\Documents\Altium\PCB_Project_2\PCB_Project_2.PrjPcb () 
2024-05-09 16:04:02.1096|1|Info|MCAD:  Setting project C:\Users\Public\Documents\Altium\PCB_Project_4\PCB_Project_4.PrjPcb () 
2024-05-09 16:06:37.1429|1|Info|MCAD:  Setting project C:\Users\Public\Documents\Altium\PCB_Project_2\PCB_Project_2.PrjPcb () 
2024-05-09 16:06:42.8681|1|Info|MCAD:  Setting project C:\Users\Public\Documents\Altium\PCB_Project_4\PCB_Project_4.PrjPcb () 
2024-05-09 16:06:49.0744|1|Info|MCAD:  Setting project C:\Users\Public\Documents\Altium\PCB_Project_2\PCB_Project_2.PrjPcb () 
2024-05-09 16:06:58.3082|1|Info|MCAD:  Setting project C:\Users\Public\Documents\Altium\PCB_Project_4\PCB_Project_4.PrjPcb () 
2024-05-09 16:07:54.9371|1|Info|MCAD:  Setting project C:\Users\Public\Documents\Altium\PCB_Project_2\PCB_Project_2.PrjPcb () 
2024-05-09 16:07:56.3145|1|Info|MCAD:  Setting project C:\Users\Public\Documents\Altium\PCB_Project_2\PCB_Project_2.PrjPcb () 
2024-05-09 16:09:37.0430|1|Info|MCAD:  Setting project C:\Users\Public\Documents\Altium\PCB_Project_4\PCB_Project_4.PrjPcb () 
2024-05-09 16:22:57.9217|1|Info|MCAD:  Setting project C:\Users\Public\Documents\Altium\PCB_Project_2\PCB_Project_2.PrjPcb () 
2024-05-09 16:23:07.7520|1|Info|MCAD:  Setting project C:\Users\Public\Documents\Altium\PCB_Project_4\PCB_Project_4.PrjPcb () 
2024-05-09 16:23:17.2757|1|Info|MCAD:  Setting project C:\Users\Public\Documents\Altium\PCB_Project_2\PCB_Project_2.PrjPcb () 
2024-05-09 16:23:26.5046|1|Info|MCAD:  Setting project C:\Users\Public\Documents\Altium\PCB_Project_4\PCB_Project_4.PrjPcb () 
2024-05-09 16:23:40.9122|1|Info|MCAD:  Setting project C:\Users\Public\Documents\Altium\PCB_Project_2\PCB_Project_2.PrjPcb () 
2024-05-09 16:23:50.9795|1|Info|MCAD:  Setting project C:\Users\Public\Documents\Altium\PCB_Project_4\PCB_Project_4.PrjPcb () 
2024-05-09 16:24:28.4175|1|Info|MCAD:  Setting project C:\Users\Public\Documents\Altium\PCB_Project_2\PCB_Project_2.PrjPcb () 
2024-05-09 16:24:37.7192|1|Info|MCAD:  Setting project C:\Users\Public\Documents\Altium\PCB_Project_4\PCB_Project_4.PrjPcb () 
2024-05-09 22:25:41.0074|1|Debug|MCAD: ->ProjectManagerService.ClearCurrentDocument 
2024-05-09 22:25:41.0074|1|Debug|MCAD:  <-ProjectManagerService.ClearCurrentDocument Secs:0 
2024-05-09 22:25:41.0074|1|Info|MCAD:  Setting project C:\Users\Public\Documents\Altium\PCB_Project_4\PCB_Project_4.PrjPcb () 
2024-05-09 22:25:41.0652|1|Debug|MCAD: ->ProjectManagerService.ClearCurrentDocument 
2024-05-09 22:25:41.0652|1|Debug|MCAD:  <-ProjectManagerService.ClearCurrentDocument Secs:0 
2024-05-09 22:25:41.0652|1|Info|MCAD:  Setting project C:\Users\Public\Documents\Altium\PCB_Project_4\PCB_Project_4.PrjPcb () 
2024-05-09 22:25:41.5697|1|Info|MCAD:  Setting project C:\Users\Public\Documents\Altium\PCB_Project_4\PCB_Project_4.PrjPcb () 
2024-05-09 22:25:41.5766|1|Info|MCAD:  Setting project C:\Users\Public\Documents\Altium\PCB_Project_4\PCB_Project_4.PrjPcb () 
2024-05-09 22:25:41.6522|1|Debug|MCAD: ->ProjectManagerService.ClearCurrentDocument 
2024-05-09 22:25:41.6522|1|Debug|MCAD:  <-ProjectManagerService.ClearCurrentDocument Secs:0 
2024-05-12 15:09:02.5207|1|Info|MCAD:  Setting project C:\Users\Public\Documents\Altium\PCB_Project_4\PCB_Project_4.PrjPcb () 
2024-05-12 15:09:03.0841|1|Info|MCAD:  Setting project C:\Users\Public\Documents\Altium\PCB_Project_2\PCB_Project_2.PrjPcb () 
2024-05-12 15:09:03.6921|1|Info|MCAD:  Setting project C:\Users\Public\Documents\Altium\PCB_Project_2\PCB_Project_2.PrjPcb () 
2024-05-12 15:09:05.2910|1|Info|MCAD:  Setting project C:\Users\Public\Documents\Altium\PCB_Project_4\PCB_Project_4.PrjPcb () 
2024-05-12 15:09:08.8180|13|Warn|MCAD: Co-Designer 3.4.0.1792, Altium Designer 23.4.1.23 (C:\Program Files\Altium\AD23\X2.EXE) 
2024-05-12 15:09:08.8180|13|Info|MCAD: Product identified as AltiumDesigner 
2024-05-12 15:09:09.4018|13|Debug|MCAD: Start updating CoDesigner UI resource keys. 
2024-05-12 15:09:09.4050|13|Debug|MCAD: Finished updating CoDesigner UI resource keys. 
2024-05-12 16:14:04.0496|1|Info|MCAD:  Setting project C:\Users\Public\Documents\Altium\PCB_Project_2\PCB_Project_2.PrjPcb () 
2024-05-12 16:14:16.3099|1|Info|MCAD:  Setting project C:\Users\Public\Documents\Altium\PCB_Project_4\PCB_Project_4.PrjPcb () 
2024-05-12 18:03:26.8976|1|Debug|MCAD: ->ProjectManagerService.ClearCurrentDocument 
2024-05-12 18:03:26.9076|1|Debug|MCAD:  <-ProjectManagerService.ClearCurrentDocument Secs:0,015 
2024-05-12 18:03:26.9676|1|Debug|MCAD: ->ProjectManagerService.ClearCurrentDocument 
2024-05-12 18:03:26.9676|1|Debug|MCAD:  <-ProjectManagerService.ClearCurrentDocument Secs:0 
2024-05-12 18:03:27.4629|1|Info|MCAD:  Setting project C:\Users\Public\Documents\Altium\PCB_Project_4\PCB_Project_4.PrjPcb () 
2024-05-12 18:03:27.4729|1|Info|MCAD:  Setting project C:\Users\Public\Documents\Altium\PCB_Project_4\PCB_Project_4.PrjPcb () 
2024-05-12 18:03:27.5929|1|Debug|MCAD: ->ProjectManagerService.ClearCurrentDocument 
2024-05-12 18:03:27.5929|1|Debug|MCAD:  <-ProjectManagerService.ClearCurrentDocument Secs:0 
2024-05-12 21:51:27.8178|1|Info|MCAD:  Setting project C:\Users\Public\Documents\Altium\PCB_Project_4\PCB_Project_4.PrjPcb () 
2024-05-12 21:51:28.9516|1|Info|MCAD:  Setting project C:\Users\Public\Documents\Altium\PCB_Project_2\PCB_Project_2.PrjPcb () 
2024-05-12 21:51:30.7207|1|Info|MCAD:  Setting project C:\Users\Public\Documents\Altium\PCB_Project_2\PCB_Project_2.PrjPcb () 
2024-05-12 21:51:38.9861|8|Warn|MCAD: Co-Designer 3.4.0.1792, Altium Designer 23.4.1.23 (C:\Program Files\Altium\AD23\X2.EXE) 
2024-05-12 21:51:38.9861|8|Info|MCAD: Product identified as AltiumDesigner 
2024-05-12 21:51:42.0579|8|Debug|MCAD: Start updating CoDesigner UI resource keys. 
2024-05-12 21:51:42.0680|8|Debug|MCAD: Finished updating CoDesigner UI resource keys. 
2024-05-12 21:52:46.8582|1|Info|MCAD:  Setting project C:\Users\Public\Documents\Altium\PCB_Project_2\PCB_Project_2.PrjPcb () 
2024-05-12 21:52:48.2500|1|Info|MCAD:  Setting project C:\Users\Public\Documents\Altium\PCB_Project_2\PCB_Project_2.PrjPcb () 
2024-05-12 21:52:49.0410|1|Info|MCAD:  Setting project C:\Users\Public\Documents\Altium\PCB_Project_4\PCB_Project_4.PrjPcb () 
2024-05-12 21:52:56.4556|1|Info|MCAD:  Setting project C:\Users\Public\Documents\Altium\PCB_Project_4\PCB_Project_4.PrjPcb () 
2024-05-12 21:54:14.5729|1|Debug|MCAD: ->ProjectManagerService.ClearCurrentDocument 
2024-05-12 21:54:14.5729|1|Debug|MCAD:  <-ProjectManagerService.ClearCurrentDocument Secs:0 
2024-05-12 21:54:14.5729|1|Info|MCAD:  Setting project C:\Users\Public\Documents\Altium\PCB_Project_4\PCB_Project_4.PrjPcb () 
2024-05-12 21:54:14.6598|1|Debug|MCAD: ->ProjectManagerService.ClearCurrentDocument 
2024-05-12 21:54:14.6598|1|Debug|MCAD:  <-ProjectManagerService.ClearCurrentDocument Secs:0 
2024-05-12 21:54:14.6598|1|Info|MCAD:  Setting project C:\Users\Public\Documents\Altium\PCB_Project_4\PCB_Project_4.PrjPcb () 
2024-05-12 21:54:15.2429|1|Info|MCAD:  Setting project C:\Users\Public\Documents\Altium\PCB_Project_4\PCB_Project_4.PrjPcb () 
2024-05-12 21:54:15.2529|1|Info|MCAD:  Setting project C:\Users\Public\Documents\Altium\PCB_Project_4\PCB_Project_4.PrjPcb () 
2024-05-12 21:54:15.3516|1|Debug|MCAD: ->ProjectManagerService.ClearCurrentDocument 
2024-05-12 21:54:15.3516|1|Debug|MCAD:  <-ProjectManagerService.ClearCurrentDocument Secs:0 
2024-05-14 14:25:15.9577|1|Info|MCAD:  Setting project C:\Users\Public\Documents\Altium\PCB_Project_4\PCB_Project_4.PrjPcb () 
2024-05-14 14:25:16.8274|1|Info|MCAD:  Setting project C:\Users\Public\Documents\Altium\PCB_Project_2\PCB_Project_2.PrjPcb () 
2024-05-14 14:25:18.0438|1|Info|MCAD:  Setting project C:\Users\Public\Documents\Altium\PCB_Project_2\PCB_Project_2.PrjPcb () 
2024-05-14 14:25:21.3289|1|Info|MCAD:  Setting project C:\Users\Public\Documents\Altium\PCB_Project_4\PCB_Project_4.PrjPcb () 
2024-05-14 14:25:26.2523|19|Warn|MCAD: Co-Designer 3.4.0.1792, Altium Designer 23.4.1.23 (C:\Program Files\Altium\AD23\X2.EXE) 
2024-05-14 14:25:26.2523|19|Info|MCAD: Product identified as AltiumDesigner 
2024-05-14 14:25:27.7791|19|Debug|MCAD: Start updating CoDesigner UI resource keys. 
2024-05-14 14:25:27.7791|19|Debug|MCAD: Finished updating CoDesigner UI resource keys. 
2024-05-14 14:25:31.3696|1|Info|MCAD:  Setting project C:\Users\Public\Documents\Altium\PCB_Project_2\PCB_Project_2.PrjPcb () 
2024-05-14 15:08:45.1199|1|Info|MCAD:  Setting project C:\Users\Public\Documents\Altium\PCB_Project_2\PCB_Project_2.PrjPcb () 
2024-05-14 15:09:05.5248|1|Info|MCAD:  Setting project C:\Users\Public\Documents\Altium\PCB_Project_4\PCB_Project_4.PrjPcb () 
2024-05-14 15:59:28.8426|1|Debug|MCAD: ->ProjectManagerService.ClearCurrentDocument 
2024-05-14 15:59:28.8426|1|Debug|MCAD:  <-ProjectManagerService.ClearCurrentDocument Secs:0 
2024-05-14 15:59:28.9162|1|Debug|MCAD: ->ProjectManagerService.ClearCurrentDocument 
2024-05-14 15:59:28.9162|1|Debug|MCAD:  <-ProjectManagerService.ClearCurrentDocument Secs:0 
2024-05-14 15:59:29.4884|1|Info|MCAD:  Setting project C:\Users\Public\Documents\Altium\PCB_Project_4\PCB_Project_4.PrjPcb () 
2024-05-14 15:59:29.5090|1|Info|MCAD:  Setting project C:\Users\Public\Documents\Altium\PCB_Project_4\PCB_Project_4.PrjPcb () 
2024-05-14 15:59:29.5910|1|Debug|MCAD: ->ProjectManagerService.ClearCurrentDocument 
2024-05-14 15:59:29.5910|1|Debug|MCAD:  <-ProjectManagerService.ClearCurrentDocument Secs:0 
2024-09-27 20:03:20.1970|1|Info|MCAD:  Setting project Free Documents () 
2024-09-27 20:03:20.6766|7|Warn|MCAD: Co-Designer 3.4.0.1792, Altium Designer 23.4.1.23 (C:\Program Files\Altium\AD23\X2.EXE) 
2024-09-27 20:03:20.6766|7|Info|MCAD: Product identified as AltiumDesigner 
2024-09-27 20:03:20.7253|7|Debug|MCAD: Start updating CoDesigner UI resource keys. 
2024-09-27 20:03:20.7253|7|Debug|MCAD: Finished updating CoDesigner UI resource keys. 
2024-09-27 23:27:58.5151|1|Info|MCAD:  Setting project Free Documents () 
2024-09-27 23:27:58.5840|1|Debug|MCAD: ->ProjectManagerService.ClearCurrentDocument 
2024-09-27 23:27:58.5840|1|Debug|MCAD:  <-ProjectManagerService.ClearCurrentDocument Secs:0 
2024-10-09 19:21:38.3120|1|Info|MCAD:  Setting project Free Documents () 
2024-10-09 19:21:38.5215|1|Info|MCAD:  Setting project Free Documents () 
2024-10-09 19:21:39.6262|1|Info|MCAD:  Setting project C:\Users\Public\Documents\Altium\PCB_Project_5\PCB_Project_5.PrjPcb () 
2024-10-09 19:21:39.6539|1|Info|MCAD:  Setting project C:\Users\Public\Documents\Altium\PCB_Project_5\PCB_Project_5.PrjPcb () 
2024-10-09 19:21:39.6809|47|Warn|MCAD: Co-Designer 3.4.0.1792, Altium Designer 23.4.1.23 (C:\Program Files\Altium\AD23\X2.EXE) 
2024-10-09 19:21:39.6809|47|Info|MCAD: Product identified as AltiumDesigner 
2024-10-09 19:21:39.7321|47|Debug|MCAD: Start updating CoDesigner UI resource keys. 
2024-10-09 19:21:39.7321|47|Debug|MCAD: Finished updating CoDesigner UI resource keys. 
2024-10-09 20:09:12.4316|1|Debug|MCAD: ->ProjectManagerService.ClearCurrentDocument 
2024-10-09 20:09:12.4316|1|Debug|MCAD:  <-ProjectManagerService.ClearCurrentDocument Secs:0 
2024-10-12 17:12:37.2364|1|Info|MCAD:  Setting project Free Documents () 
2024-10-12 17:12:37.6091|1|Info|MCAD:  Setting project Free Documents () 
2024-10-12 17:12:39.1465|1|Info|MCAD:  Setting project C:\Users\Public\Documents\Altium\PCB_Project_6\PCB_Project_6.PrjPcb () 
2024-10-12 17:12:39.1785|1|Info|MCAD:  Setting project C:\Users\Public\Documents\Altium\PCB_Project_6\PCB_Project_6.PrjPcb () 
2024-10-12 17:12:39.2460|14|Warn|MCAD: Co-Designer 3.4.0.1792, Altium Designer 23.4.1.23 (C:\Program Files\Altium\AD23\X2.EXE) 
2024-10-12 17:12:39.2460|14|Info|MCAD: Product identified as AltiumDesigner 
2024-10-12 17:12:39.2920|14|Debug|MCAD: Start updating CoDesigner UI resource keys. 
2024-10-12 17:12:39.2920|14|Debug|MCAD: Finished updating CoDesigner UI resource keys. 
2024-10-12 17:32:37.9634|1|Info|MCAD:  Setting project C:\Users\Public\Documents\Altium\PCB_Project_6\PCB_Project_6.PrjPcb () 
2024-10-12 17:33:25.6455|1|Info|MCAD:  Setting project C:\Users\Public\Documents\Altium\PCB_Project_6\PCB_Project_6.PrjPcb () 
2024-10-12 17:36:31.5540|1|Info|MCAD:  Setting project C:\Users\Public\Documents\Altium\PCB_Project_6\PCB_Project_6.PrjPcb () 
2024-10-12 17:38:02.9725|1|Info|MCAD:  Setting project C:\Users\Public\Documents\Altium\PCB_Project_6\PCB_Project_6.PrjPcb () 
2024-10-12 17:44:24.7511|1|Info|MCAD:  Setting project C:\Users\Public\Documents\Altium\PCB_Project_6\PCB_Project_6.PrjPcb () 
2024-10-12 17:44:25.3228|1|Info|MCAD:  Setting project C:\Users\Public\Documents\Altium\PCB_Project_6\PCB_Project_6.PrjPcb () 
2024-10-12 17:44:25.3452|1|Info|MCAD:  Setting project C:\Users\Public\Documents\Altium\PCB_Project_6\PCB_Project_6.PrjPcb () 
2024-10-12 17:44:25.4921|1|Debug|MCAD: ->ProjectManagerService.ClearCurrentDocument 
2024-10-12 17:44:25.4921|1|Debug|MCAD:  <-ProjectManagerService.ClearCurrentDocument Secs:0 
2024-12-10 00:39:03.1412|1|Info|MCAD:  Setting project C:\Users\Public\Documents\Altium\PCB_Project_6\PCB_Project_6.PrjPcb () 
2024-12-10 00:39:06.1595|1|Info|MCAD:  Setting project C:\Users\Public\Documents\Altium\PCB_Project_6\PCB_Project_6.PrjPcb () 
2024-12-10 00:39:07.7430|15|Warn|MCAD: Co-Designer 3.4.0.1792, Altium Designer 23.4.1.23 (C:\Program Files\Altium\AD23\X2.EXE) 
2024-12-10 00:39:07.7430|15|Info|MCAD: Product identified as AltiumDesigner 
2024-12-10 00:39:07.7785|15|Debug|MCAD: Start updating CoDesigner UI resource keys. 
2024-12-10 00:39:07.7785|15|Debug|MCAD: Finished updating CoDesigner UI resource keys. 
2024-12-10 00:39:52.1531|1|Info|MCAD:  Setting project C:\Users\Public\Documents\Altium\PCB_Project_6\PCB_Project_6.PrjPcb () 
2024-12-10 00:40:10.9415|1|Info|MCAD:  Setting project C:\Users\Public\Documents\Altium\PCB_Project_6\PCB_Project_6.PrjPcb () 
2024-12-10 00:40:34.2789|1|Info|MCAD:  Setting project C:\Users\Public\Documents\Altium\PCB_Project_6\PCB_Project_6.PrjPcb () 
2024-12-10 00:40:52.6134|1|Info|MCAD:  Setting project C:\Users\Public\Documents\Altium\PCB_Project_6\PCB_Project_6.PrjPcb () 
2024-12-10 00:40:53.9471|1|Debug|MCAD: ->ProjectManagerService.ClearCurrentDocument 
2024-12-10 00:40:53.9471|1|Debug|MCAD:  <-ProjectManagerService.ClearCurrentDocument Secs:0 
2024-12-25 00:57:07.0435|1|Info|MCAD:  Setting project C:\Users\Public\Documents\Altium\PCB_Project_6\PCB_Project_6.PrjPcb () 
2024-12-25 00:57:09.3605|1|Info|MCAD:  Setting project C:\Users\Public\Documents\Altium\PCB_Project_6\PCB_Project_6.PrjPcb () 
2024-12-25 00:57:13.0801|13|Warn|MCAD: Co-Designer 3.4.0.1792, Altium Designer 23.4.1.23 (C:\Program Files\Altium\AD23\X2.EXE) 
2024-12-25 00:57:13.0801|13|Info|MCAD: Product identified as AltiumDesigner 
2024-12-25 00:57:13.4611|13|Debug|MCAD: Start updating CoDesigner UI resource keys. 
2024-12-25 00:57:13.4611|13|Debug|MCAD: Finished updating CoDesigner UI resource keys. 
2024-12-25 00:58:49.9957|1|Info|MCAD:  Setting project Free Documents () 
2024-12-25 00:58:50.2252|1|Info|MCAD:  Setting project Free Documents () 
2024-12-25 00:58:50.2950|1|Info|MCAD:  Setting project C:\Users\Ebrar Celik\Desktop\saytasproje\PCB_Project\PCB_Project.PrjPcb () 
2024-12-25 00:58:50.3310|1|Info|MCAD:  Setting project C:\Users\Ebrar Celik\Desktop\saytasproje\PCB_Project\PCB_Project.PrjPcb () 
2024-12-25 00:59:02.7168|1|Info|MCAD:  Setting project C:\Users\Ebrar Celik\Desktop\saytasproje\PCB_Project\PCB_Project.PrjPcb () 
2024-12-25 02:17:05.7999|1|Info|MCAD:  Setting project C:\Users\Ebrar Celik\Desktop\saytasproje\PCB_Project\PCB_Project.PrjPcb () 
2024-12-25 02:18:07.3184|1|Debug|MCAD: ->ProjectManagerService.ClearCurrentDocument 
2024-12-25 02:18:07.3184|1|Debug|MCAD:  <-ProjectManagerService.ClearCurrentDocument Secs:0 
2024-12-25 02:18:07.5143|1|Debug|MCAD: ->ProjectManagerService.ClearCurrentDocument 
2024-12-25 02:18:07.5143|1|Debug|MCAD:  <-ProjectManagerService.ClearCurrentDocument Secs:0 
2024-12-25 19:03:58.1732|1|Info|MCAD:  Setting project C:\Users\Public\Documents\Altium\PCB_Project_6\PCB_Project_6.PrjPcb () 
2024-12-25 19:04:02.9508|1|Info|MCAD:  Setting project C:\Users\Public\Documents\Altium\PCB_Project_6\PCB_Project_6.PrjPcb () 
2024-12-25 19:04:08.8114|11|Warn|MCAD: Co-Designer 3.4.0.1792, Altium Designer 23.4.1.23 (C:\Program Files\Altium\AD23\X2.EXE) 
2024-12-25 19:04:08.8114|11|Info|MCAD: Product identified as AltiumDesigner 
2024-12-25 19:04:10.8048|11|Debug|MCAD: Start updating CoDesigner UI resource keys. 
2024-12-25 19:04:10.8048|11|Debug|MCAD: Finished updating CoDesigner UI resource keys. 
2024-12-25 19:04:38.7523|1|Info|MCAD:  Setting project C:\Users\Ebrar Celik\Desktop\saytasproje\PCB_Project\PCB_Project.PrjPcb () 
2024-12-25 19:10:17.5584|1|Info|MCAD:  Setting project C:\Users\Ebrar Celik\Desktop\saytasproje\PCB_Project\PCB_Project.PrjPcb () 
2024-12-25 22:55:08.2983|1|Info|MCAD:  Setting project C:\Users\Ebrar Celik\Desktop\saytasproje\PCB_Project\PCB_Project.PrjPcb () 
2024-12-26 15:33:44.6475|1|Info|MCAD:  Setting project Free Documents () 
2024-12-26 15:33:46.9152|24|Warn|MCAD: Co-Designer 3.4.0.1792, Altium Designer 23.4.1.23 (C:\Program Files\Altium\AD23\X2.exe) 
2024-12-26 15:33:46.9152|24|Info|MCAD: Product identified as AltiumDesigner 
2024-12-26 15:33:47.2941|24|Debug|MCAD: Start updating CoDesigner UI resource keys. 
2024-12-26 15:33:47.3109|24|Debug|MCAD: Finished updating CoDesigner UI resource keys. 
2024-12-26 15:36:30.8595|1|Info|MCAD:  Setting project Free Documents () 
2024-12-26 16:12:34.9169|1|Info|MCAD:  Setting project Free Documents () 
2024-12-26 16:12:46.6572|1|Info|MCAD:  Setting project Free Documents () 
2024-12-26 16:12:51.3333|1|Info|MCAD:  Setting project Free Documents () 
2024-12-26 16:15:00.1864|1|Info|MCAD:  Setting project Free Documents () 
2024-12-26 16:15:03.4684|1|Info|MCAD:  Setting project Free Documents () 
2024-12-27 12:43:03.5547|1|Info|MCAD:  Setting project Free Documents () 
2024-12-27 12:43:03.7431|1|Debug|MCAD: ->ProjectManagerService.ClearCurrentDocument 
2024-12-27 12:43:03.7431|1|Debug|MCAD:  <-ProjectManagerService.ClearCurrentDocument Secs:0 
2024-12-27 12:43:03.7431|1|Info|MCAD:  Setting project Free Documents () 
2024-12-27 12:43:03.9420|1|Info|MCAD:  Setting project Free Documents () 
2024-12-27 12:43:04.0890|1|Debug|MCAD: ->ProjectManagerService.ClearCurrentDocument 
2024-12-27 12:43:04.0890|1|Debug|MCAD:  <-ProjectManagerService.ClearCurrentDocument Secs:0 
2025-01-29 16:18:18.7683|1|Info|MCAD:  Setting project Free Documents () 
2025-01-29 16:18:20.4147|1|Info|MCAD:  Setting project Free Documents () 
2025-01-29 16:18:21.6765|1|Info|MCAD:  Setting project Free Documents () 
2025-01-29 16:18:21.8332|1|Info|MCAD:  Setting project Free Documents () 
2025-01-29 16:18:28.1690|14|Warn|MCAD: Co-Designer 3.4.0.1792, Altium Designer 23.4.1.23 (C:\Program Files\Altium\AD23\X2.EXE) 
2025-01-29 16:18:28.1690|14|Info|MCAD: Product identified as AltiumDesigner 
2025-01-29 16:18:28.9387|14|Debug|MCAD: Start updating CoDesigner UI resource keys. 
2025-01-29 16:18:28.9480|14|Debug|MCAD: Finished updating CoDesigner UI resource keys. 
2025-01-29 17:32:14.7733|1|Info|MCAD:  Setting project Free Documents () 
2025-01-29 17:32:14.8923|1|Debug|MCAD: ->ProjectManagerService.ClearCurrentDocument 
2025-01-29 17:32:14.8923|1|Debug|MCAD:  <-ProjectManagerService.ClearCurrentDocument Secs:0 
2025-01-29 17:32:14.9434|1|Info|MCAD:  Setting project Free Documents () 
2025-01-29 17:32:15.0354|1|Debug|MCAD: ->ProjectManagerService.ClearCurrentDocument 
2025-01-29 17:32:15.0354|1|Debug|MCAD:  <-ProjectManagerService.ClearCurrentDocument Secs:0 
2025-02-06 17:35:16.9839|1|Info|MCAD:  Setting project Free Documents () 
2025-02-06 17:35:17.5931|1|Info|MCAD:  Setting project Free Documents () 
2025-02-06 17:35:18.3204|1|Info|MCAD:  Setting project Free Documents () 
2025-02-06 17:35:23.5192|20|Warn|MCAD: Co-Designer 3.4.0.1792, Altium Designer 23.4.1.23 (C:\Program Files\Altium\AD23\X2.EXE) 
2025-02-06 17:35:23.5192|20|Info|MCAD: Product identified as AltiumDesigner 
2025-02-06 17:35:24.0790|20|Debug|MCAD: Start updating CoDesigner UI resource keys. 
2025-02-06 17:35:24.0790|20|Debug|MCAD: Finished updating CoDesigner UI resource keys. 
2025-02-06 17:38:14.0700|1|Info|MCAD:  Setting project Free Documents () 
2025-02-06 17:38:16.5804|1|Info|MCAD:  Setting project Free Documents () 
2025-02-06 17:38:19.6166|1|Info|MCAD:  Setting project Free Documents () 
2025-02-06 17:39:33.9022|1|Info|MCAD:  Setting project Free Documents () 
2025-02-06 17:40:11.1067|1|Info|MCAD:  Setting project Free Documents () 
2025-02-06 17:40:11.2104|1|Info|MCAD:  Setting project Free Documents () 
2025-02-06 17:40:11.3509|1|Info|MCAD:  Setting project C:\Users\Ebrar Celik\Desktop\saytasproje\analogrgbled\analogrgbled.PrjPcb () 
2025-02-06 17:40:11.3923|1|Info|MCAD:  Setting project C:\Users\Ebrar Celik\Desktop\saytasproje\analogrgbled\analogrgbled.PrjPcb () 
2025-02-06 18:46:47.6582|1|Debug|MCAD: ->ProjectManagerService.ClearCurrentDocument 
2025-02-06 18:46:47.6582|1|Debug|MCAD:  <-ProjectManagerService.ClearCurrentDocument Secs:0 
2025-02-06 18:46:48.2443|1|Info|MCAD:  Setting project Free Documents () 
2025-02-06 18:46:48.2761|1|Info|MCAD:  Setting project Free Documents () 
2025-02-06 18:46:48.2984|1|Debug|MCAD: ->ProjectManagerService.ClearCurrentDocument 
2025-02-06 18:46:48.2984|1|Debug|MCAD:  <-ProjectManagerService.ClearCurrentDocument Secs:0 
2025-02-06 18:46:48.2984|1|Info|MCAD:  Setting project Free Documents () 
2025-02-06 18:46:48.3394|1|Info|MCAD:  Setting project Free Documents () 
2025-02-06 18:46:48.3737|1|Debug|MCAD: ->ProjectManagerService.ClearCurrentDocument 
2025-02-06 18:46:48.3737|1|Debug|MCAD:  <-ProjectManagerService.ClearCurrentDocument Secs:0 
2025-02-07 04:21:05.0289|1|Info|MCAD:  Setting project Free Documents () 
2025-02-07 04:21:05.9778|1|Info|MCAD:  Setting project Free Documents () 
2025-02-07 04:21:06.2853|1|Info|MCAD:  Setting project Free Documents () 
2025-02-07 04:21:11.5302|7|Warn|MCAD: Co-Designer 3.4.0.1792, Altium Designer 23.4.1.23 (C:\Program Files\Altium\AD23\X2.EXE) 
2025-02-07 04:21:11.5302|7|Info|MCAD: Product identified as AltiumDesigner 
2025-02-07 04:21:12.7436|7|Debug|MCAD: Start updating CoDesigner UI resource keys. 
2025-02-07 04:21:12.7436|7|Debug|MCAD: Finished updating CoDesigner UI resource keys. 
2025-02-07 04:21:32.3452|1|Info|MCAD:  Setting project Free Documents () 
2025-02-07 04:21:35.1400|1|Info|MCAD:  Setting project Free Documents () 
2025-02-07 04:21:39.1982|1|Info|MCAD:  Setting project Free Documents () 
2025-02-07 04:32:04.8269|1|Info|MCAD:  Setting project Free Documents () 
2025-02-07 04:32:04.9588|1|Debug|MCAD: ->ProjectManagerService.ClearCurrentDocument 
2025-02-07 04:32:04.9588|1|Debug|MCAD:  <-ProjectManagerService.ClearCurrentDocument Secs:0 
2025-02-07 04:32:05.0597|1|Info|MCAD:  Setting project Free Documents () 
2025-02-07 04:32:05.1786|1|Debug|MCAD: ->ProjectManagerService.ClearCurrentDocument 
2025-02-07 04:32:05.1786|1|Debug|MCAD:  <-ProjectManagerService.ClearCurrentDocument Secs:0 
2025-02-07 11:03:17.2334|1|Info|MCAD:  Setting project Free Documents () 
2025-02-07 11:03:19.1774|1|Info|MCAD:  Setting project Free Documents () 
2025-02-07 11:03:19.6864|1|Info|MCAD:  Setting project Free Documents () 
2025-02-07 11:03:25.8287|5|Warn|MCAD: Co-Designer 3.4.0.1792, Altium Designer 23.4.1.23 (C:\Program Files\Altium\AD23\X2.EXE) 
2025-02-07 11:03:25.8287|5|Info|MCAD: Product identified as AltiumDesigner 
2025-02-07 11:03:26.7130|5|Debug|MCAD: Start updating CoDesigner UI resource keys. 
2025-02-07 11:03:26.7130|5|Debug|MCAD: Finished updating CoDesigner UI resource keys. 
2025-05-02 01:21:25.0310|1|Info|MCAD:  Setting project Free Documents () 
2025-05-02 01:21:25.5612|1|Info|MCAD:  Setting project Free Documents () 
2025-05-02 01:21:27.1212|1|Info|MCAD:  Setting project C:\Users\Ebrar Celik\Desktop\saytasproje\mikro_bebektelsizi\mikro_bebektelsizi.PrjPcb () 
2025-05-02 01:21:27.1486|1|Info|MCAD:  Setting project C:\Users\Ebrar Celik\Desktop\saytasproje\mikro_bebektelsizi\mikro_bebektelsizi.PrjPcb () 
2025-05-02 01:21:27.2302|96|Warn|MCAD: Co-Designer 3.4.0.1792, Altium Designer 23.4.1.23 (C:\Program Files\Altium\AD23\X2.EXE) 
2025-05-02 01:21:27.2302|96|Info|MCAD: Product identified as AltiumDesigner 
2025-05-02 01:21:27.2759|96|Debug|MCAD: Start updating CoDesigner UI resource keys. 
2025-05-02 01:21:27.2759|96|Debug|MCAD: Finished updating CoDesigner UI resource keys. 
2025-05-02 01:33:06.9783|1|Info|MCAD:  Setting project C:\Users\Ebrar Celik\Desktop\saytasproje\mikro_bebektelsizi\mikro_bebektelsizi.PrjPcb () 
2025-05-02 01:36:19.9863|1|Info|MCAD:  Setting project C:\Users\Ebrar Celik\Desktop\saytasproje\mikro_bebektelsizi\mikro_bebektelsizi.PrjPcb () 
2025-05-02 02:00:12.6098|1|Debug|MCAD: ->ProjectManagerService.ClearCurrentDocument 
2025-05-02 02:00:12.6098|1|Debug|MCAD:  <-ProjectManagerService.ClearCurrentDocument Secs:0 
2025-05-02 16:19:17.4777|1|Info|MCAD:  Setting project C:\Users\Ebrar Celik\Desktop\saytasproje\mikro_bebektelsizi\mikro_bebektelsizi.PrjPcb () 
2025-05-02 16:19:23.8851|24|Warn|MCAD: Co-Designer 3.4.0.1792, Altium Designer 23.4.1.23 (C:\Program Files\Altium\AD23\X2.EXE) 
2025-05-02 16:19:23.8851|24|Info|MCAD: Product identified as AltiumDesigner 
2025-05-02 16:19:24.5874|24|Debug|MCAD: Start updating CoDesigner UI resource keys. 
2025-05-02 16:19:24.5874|24|Debug|MCAD: Finished updating CoDesigner UI resource keys. 
2025-05-03 14:11:39.8846|1|Info|MCAD:  Setting project C:\Users\Ebrar Celik\Desktop\saytasproje\mikro_bebektelsizi\mikro_bebektelsizi.PrjPcb () 
2025-05-03 14:47:16.2118|1|Info|MCAD:  Setting project C:\Users\Ebrar Celik\Desktop\saytasproje\mikro_bebektelsizi\mikro_bebektelsizi.PrjPcb () 
2025-05-03 18:08:00.9046|1|Debug|MCAD: ->ProjectManagerService.ClearCurrentDocument 
2025-05-03 18:08:00.9046|1|Debug|MCAD:  <-ProjectManagerService.ClearCurrentDocument Secs:0 
2025-05-04 15:28:35.5792|1|Info|MCAD:  Setting project C:\Users\Ebrar Celik\Desktop\saytasproje\mikro_bebektelsizi\mikro_bebektelsizi.PrjPcb () 
2025-05-04 15:28:38.3358|1|Info|MCAD:  Setting project C:\Users\Ebrar Celik\Desktop\saytasproje\mikro_bebektelsizi\mikro_bebektelsizi.PrjPcb () 
2025-05-04 15:28:42.7446|19|Warn|MCAD: Co-Designer 3.4.0.1792, Altium Designer 23.4.1.23 (C:\Program Files\Altium\AD23\X2.EXE) 
2025-05-04 15:28:42.7446|19|Info|MCAD: Product identified as AltiumDesigner 
2025-05-04 15:28:43.8081|19|Debug|MCAD: Start updating CoDesigner UI resource keys. 
2025-05-04 15:28:43.8187|19|Debug|MCAD: Finished updating CoDesigner UI resource keys. 
2025-05-04 15:29:44.8538|1|Info|MCAD:  Setting project C:\Users\Ebrar Celik\Desktop\saytasproje\mikro_bebektelsizi\mikro_bebektelsizi.PrjPcb () 
2025-05-04 15:47:20.8178|1|Debug|MCAD: ->ProjectManagerService.ClearCurrentDocument 
2025-05-04 15:47:20.8178|1|Debug|MCAD:  <-ProjectManagerService.ClearCurrentDocument Secs:0 
2025-05-04 15:47:31.8915|1|Info|MCAD:  Setting project C:\Users\Ebrar Celik\Desktop\saytasproje\mikro_bebektelsizi\mikro_bebektelsizi.PrjPcb () 
2025-05-04 15:47:34.1994|10|Warn|MCAD: Co-Designer 3.4.0.1792, Altium Designer 23.4.1.23 (C:\Program Files\Altium\AD23\X2.EXE) 
2025-05-04 15:47:34.1994|10|Info|MCAD: Product identified as AltiumDesigner 
2025-05-04 15:47:35.1562|10|Debug|MCAD: Start updating CoDesigner UI resource keys. 
2025-05-04 15:47:35.1825|10|Debug|MCAD: Finished updating CoDesigner UI resource keys. 
2025-05-04 15:49:55.7332|1|Info|MCAD:  Setting project C:\Users\Ebrar Celik\Desktop\saytasproje\mikro_bebektelsizi\mikro_bebektelsizi.PrjPcb () 
2025-05-04 15:50:15.3134|1|Info|MCAD:  Setting project C:\Users\Ebrar Celik\Desktop\saytasproje\mikro_bebektelsizi\mikro_bebektelsizi.PrjPcb () 
2025-05-04 15:50:29.3002|1|Info|MCAD:  Setting project C:\Users\Ebrar Celik\Desktop\saytasproje\mikro_bebektelsizi\mikro_bebektelsizi.PrjPcb () 
2025-05-04 15:50:42.7551|1|Info|MCAD:  Setting project C:\Users\Ebrar Celik\Desktop\saytasproje\mikro_bebektelsizi\mikro_bebektelsizi.PrjPcb () 
2025-05-04 15:50:42.7731|1|Info|MCAD:  Setting project C:\Users\Ebrar Celik\Desktop\saytasproje\mikro_bebektelsizi\mikro_bebektelsizi.PrjPcb () 
2025-05-04 15:50:42.7910|1|Info|MCAD:  Setting project C:\Users\Ebrar Celik\Desktop\saytasproje\mikro_bebektelsizi\mikro_bebektelsizi.PrjPcb () 
2025-05-04 15:53:43.8873|1|Debug|MCAD: ->ProjectManagerService.ClearCurrentDocument 
2025-05-04 15:53:43.8873|1|Debug|MCAD:  <-ProjectManagerService.ClearCurrentDocument Secs:0 
2025-05-04 15:55:13.2617|1|Info|MCAD:  Setting project C:\Users\Ebrar Celik\Desktop\saytasproje\mikro_bebektelsizi\mikro_bebektelsizi.PrjPcb () 
2025-05-04 15:55:15.6372|9|Warn|MCAD: Co-Designer 3.4.0.1792, Altium Designer 23.4.1.23 (C:\Program Files\Altium\AD23\X2.EXE) 
2025-05-04 15:55:15.6372|9|Info|MCAD: Product identified as AltiumDesigner 
2025-05-04 15:55:16.7751|9|Debug|MCAD: Start updating CoDesigner UI resource keys. 
2025-05-04 15:55:16.7751|9|Debug|MCAD: Finished updating CoDesigner UI resource keys. 
2025-05-04 15:55:44.1442|1|Debug|MCAD: ->ProjectManagerService.ClearCurrentDocument 
2025-05-04 15:55:44.1442|1|Debug|MCAD:  <-ProjectManagerService.ClearCurrentDocument Secs:0 
2025-05-04 15:59:07.8923|1|Info|MCAD:  Setting project Free Documents () 
2025-05-04 15:59:08.0132|1|Info|MCAD:  Setting project Free Documents () 
2025-05-04 15:59:08.1921|1|Info|MCAD:  Setting project C:\Users\Ebrar Celik\Desktop\ebrar_\Ebrar_Celik_Telsiz\Ebrar_Calik_Telsiz.PrjPcb () 
2025-05-04 15:59:08.2225|1|Info|MCAD:  Setting project C:\Users\Ebrar Celik\Desktop\ebrar_\Ebrar_Celik_Telsiz\Ebrar_Calik_Telsiz.PrjPcb () 
2025-05-04 15:59:27.8659|1|Info|MCAD:  Setting project C:\Users\Ebrar Celik\Desktop\ebrar_\Ebrar_Celik_Telsiz\Ebrar_Calik_Telsiz.PrjPcb () 
2025-05-04 15:59:38.0487|1|Info|MCAD:  Setting project C:\Users\Ebrar Celik\Desktop\ebrar_\Ebrar_Celik_Telsiz\Ebrar_Calik_Telsiz.PrjPcb () 
2025-05-04 15:59:49.2655|1|Info|MCAD:  Setting project C:\Users\Ebrar Celik\Desktop\ebrar_\Ebrar_Celik_Telsiz\Ebrar_Calik_Telsiz.PrjPcb () 
2025-05-04 16:00:14.1492|1|Info|MCAD:  Setting project C:\Users\Ebrar Celik\Desktop\ebrar_\Ebrar_Celik_Telsiz\Ebrar_Calik_Telsiz.PrjPcb () 
2025-05-04 16:00:17.2552|1|Info|MCAD:  Setting project C:\Users\Ebrar Celik\Desktop\ebrar_\Ebrar_Celik_Telsiz\Ebrar_Calik_Telsiz.PrjPcb () 
2025-05-04 16:00:22.0060|1|Info|MCAD:  Setting project C:\Users\Ebrar Celik\Desktop\ebrar_\Ebrar_Celik_Telsiz\Ebrar_Calik_Telsiz.PrjPcb () 
2025-05-04 16:00:40.1118|1|Debug|MCAD: ->ProjectManagerService.ClearCurrentDocument 
2025-05-04 16:00:40.1128|1|Debug|MCAD:  <-ProjectManagerService.ClearCurrentDocument Secs:0,015 
2025-05-04 16:00:56.9349|1|Info|MCAD:  Setting project Free Documents () 
2025-05-04 16:00:57.0439|1|Info|MCAD:  Setting project Free Documents () 
2025-05-04 16:00:57.0717|1|Info|MCAD:  Setting project C:\Users\Ebrar Celik\Desktop\ebrar_\Ebrar_Celik_telsiz_Alici\Ebrar_Calik_telsiz_Alici.PrjPcb () 
2025-05-04 16:00:57.1113|1|Info|MCAD:  Setting project C:\Users\Ebrar Celik\Desktop\ebrar_\Ebrar_Celik_telsiz_Alici\Ebrar_Calik_telsiz_Alici.PrjPcb () 
2025-05-04 16:01:05.7990|1|Info|MCAD:  Setting project C:\Users\Ebrar Celik\Desktop\ebrar_\Ebrar_Celik_telsiz_Alici\Ebrar_Calik_telsiz_Alici.PrjPcb () 
2025-05-04 16:01:36.0524|1|Info|MCAD:  Setting project C:\Users\Ebrar Celik\Desktop\ebrar_\Ebrar_Celik_telsiz_Alici\Ebrar_Calik_telsiz_Alici.PrjPcb () 
2025-05-04 16:02:19.5467|1|Info|MCAD:  Setting project Free Documents () 
2025-05-04 16:02:19.6709|1|Info|MCAD:  Setting project Free Documents () 
2025-05-04 16:02:19.7178|1|Info|MCAD:  Setting project C:\Users\Ebrar Celik\Desktop\saytasproje\ebrarmspg\ebrarmspg.PrjPcb () 
2025-05-04 16:02:19.7654|1|Info|MCAD:  Setting project C:\Users\Ebrar Celik\Desktop\saytasproje\ebrarmspg\ebrarmspg.PrjPcb () 
2025-05-04 16:02:26.9433|1|Debug|MCAD: ->ProjectManagerService.ClearCurrentDocument 
2025-05-04 16:02:26.9433|1|Debug|MCAD:  <-ProjectManagerService.ClearCurrentDocument Secs:0 
2025-05-04 16:02:29.2689|1|Debug|MCAD: ->ProjectManagerService.ClearCurrentDocument 
2025-05-04 16:02:29.2689|1|Debug|MCAD:  <-ProjectManagerService.ClearCurrentDocument Secs:0 
2025-05-04 16:02:58.3377|1|Info|MCAD:  Setting project Free Documents () 
2025-05-04 16:02:58.4427|1|Info|MCAD:  Setting project Free Documents () 
2025-05-04 16:02:58.4847|1|Info|MCAD:  Setting project C:\Users\Ebrar Celik\Desktop\saytasproje\ebrarmspg\ebrarmspg.PrjPcb () 
2025-05-04 16:02:58.5176|1|Info|MCAD:  Setting project C:\Users\Ebrar Celik\Desktop\saytasproje\ebrarmspg\ebrarmspg.PrjPcb () 
2025-05-04 16:03:17.3885|1|Info|MCAD:  Setting project C:\Users\Ebrar Celik\Desktop\saytasproje\ebrarmspg\ebrarmspg.PrjPcb () 
2025-05-04 16:05:14.0478|1|Info|MCAD:  Setting project C:\Users\Ebrar Celik\Desktop\saytasproje\ebrarmspg\ebrarmspg.PrjPcb () 
2025-05-04 16:11:25.3513|1|Debug|MCAD: ->ProjectManagerService.ClearCurrentDocument 
2025-05-04 16:11:25.3513|1|Debug|MCAD:  <-ProjectManagerService.ClearCurrentDocument Secs:0 
2025-05-04 16:11:56.3518|1|Info|MCAD:  Setting project C:\Users\Ebrar Celik\Desktop\saytasproje\ebrarmspg\ebrarmspg.PrjPcb () 
2025-05-04 16:11:58.5282|21|Warn|MCAD: Co-Designer 3.4.0.1792, Altium Designer 23.4.1.23 (C:\Program Files\Altium\AD23\X2.EXE) 
2025-05-04 16:11:58.5282|21|Info|MCAD: Product identified as AltiumDesigner 
2025-05-04 16:11:59.4228|21|Debug|MCAD: Start updating CoDesigner UI resource keys. 
2025-05-04 16:11:59.4295|21|Debug|MCAD: Finished updating CoDesigner UI resource keys. 
2025-05-04 16:12:07.3144|1|Info|MCAD:  Setting project C:\Users\Ebrar Celik\Desktop\saytasproje\ebrarmspg\ebrarmspg.PrjPcb () 
2025-05-04 16:12:18.6969|1|Info|MCAD:  Setting project C:\Users\Ebrar Celik\Desktop\saytasproje\ebrarmspg\ebrarmspg.PrjPcb () 
2025-05-04 16:12:21.6010|1|Info|MCAD:  Setting project C:\Users\Ebrar Celik\Desktop\saytasproje\ebrarmspg\ebrarmspg.PrjPcb () 
2025-05-04 16:12:35.9996|1|Info|MCAD:  Setting project C:\Users\Ebrar Celik\Desktop\saytasproje\ebrarmspg\ebrarmspg.PrjPcb () 
2025-05-04 16:12:47.3090|1|Info|MCAD:  Setting project C:\Users\Ebrar Celik\Desktop\saytasproje\ebrarmspg\ebrarmspg.PrjPcb () 
2025-05-04 16:14:36.9411|1|Info|MCAD:  Setting project C:\Users\Ebrar Celik\Desktop\saytasproje\ebrarmspg\ebrarmspg.PrjPcb () 
2025-05-04 16:15:08.1746|1|Info|MCAD:  Setting project Free Documents () 
2025-05-04 16:15:08.2898|1|Info|MCAD:  Setting project Free Documents () 
2025-05-04 16:15:08.7883|1|Info|MCAD:  Setting project C:\Users\Ebrar Celik\Desktop\saytasproje\ebrarmspa\ebrarmspa.PrjPcb () 
2025-05-04 16:15:08.8568|1|Info|MCAD:  Setting project C:\Users\Ebrar Celik\Desktop\saytasproje\ebrarmspa\ebrarmspa.PrjPcb () 
2025-05-04 16:15:33.7470|1|Debug|MCAD: ->ProjectManagerService.ClearCurrentDocument 
2025-05-04 16:15:33.7470|1|Debug|MCAD:  <-ProjectManagerService.ClearCurrentDocument Secs:0 
2025-05-04 16:15:47.1805|1|Info|MCAD:  Setting project C:\Users\Ebrar Celik\Desktop\saytasproje\ebrarmspa\ebrarmspa.PrjPcb () 
2025-05-04 17:28:44.3879|1|Info|MCAD:  Setting project C:\Users\Ebrar Celik\Desktop\saytasproje\ebrarmspa\ebrarmspa.PrjPcb () 
2025-05-04 17:31:02.3938|1|Info|MCAD:  Setting project C:\Users\Ebrar Celik\Desktop\saytasproje\ebrarmspa\ebrarmspa.PrjPcb () 
2025-05-04 17:31:14.8929|1|Info|MCAD:  Setting project C:\Users\Ebrar Celik\Desktop\saytasproje\ebrarmspa\ebrarmspa.PrjPcb () 
2025-05-04 17:31:53.2960|1|Info|MCAD:  Setting project C:\Users\Ebrar Celik\Desktop\saytasproje\ebrarmspa\ebrarmspa.PrjPcb () 
2025-05-04 17:35:12.4048|1|Info|MCAD:  Setting project C:\Users\Ebrar Celik\Desktop\saytasproje\ebrarmspa\ebrarmspa.PrjPcb () 
2025-05-04 17:44:17.2096|1|Info|MCAD:  Setting project C:\Users\Ebrar Celik\Desktop\saytasproje\ebrarmspa\ebrarmspa.PrjPcb () 
2025-05-04 17:44:17.3190|1|Debug|MCAD: ->ProjectManagerService.ClearCurrentDocument 
2025-05-04 17:44:17.3190|1|Debug|MCAD:  <-ProjectManagerService.ClearCurrentDocument Secs:0 
2025-05-05 19:58:58.4694|1|Info|MCAD:  Setting project C:\Users\Ebrar Celik\Desktop\saytasproje\ebrarmspa\ebrarmspa.PrjPcb () 
2025-05-05 19:59:09.2254|5|Warn|MCAD: Co-Designer 3.4.0.1792, Altium Designer 23.4.1.23 (C:\Program Files\Altium\AD23\X2.EXE) 
2025-05-05 19:59:09.2254|5|Info|MCAD: Product identified as AltiumDesigner 
2025-05-05 19:59:10.3572|5|Debug|MCAD: Start updating CoDesigner UI resource keys. 
2025-05-05 19:59:10.3671|5|Debug|MCAD: Finished updating CoDesigner UI resource keys. 
2025-05-05 20:54:39.6658|1|Info|MCAD:  Setting project C:\Users\Ebrar Celik\Desktop\saytasproje\ebrarmspg\ebrarmspg.PrjPcb () 
2025-05-05 20:54:55.7430|1|Info|MCAD:  Setting project C:\Users\Ebrar Celik\Desktop\saytasproje\ebrarmspa\ebrarmspa.PrjPcb () 
2025-05-05 21:16:25.7307|1|Info|MCAD:  Setting project C:\Users\Ebrar Celik\Desktop\saytasproje\ebrarmspg\ebrarmspg.PrjPcb () 
2025-05-05 21:16:27.8862|1|Info|MCAD:  Setting project C:\Users\Ebrar Celik\Desktop\saytasproje\ebrarmspa\ebrarmspa.PrjPcb () 
2025-05-05 21:17:33.6046|1|Info|MCAD:  Setting project C:\Users\Ebrar Celik\Desktop\saytasproje\ebrarmspa\ebrarmspa.PrjPcb () 
2025-05-05 21:17:50.1990|1|Info|MCAD:  Setting project C:\Users\Ebrar Celik\Desktop\saytasproje\ebrarmspa\ebrarmspa.PrjPcb () 
2025-05-06 00:37:06.8601|1|Info|MCAD:  Setting project C:\Users\Ebrar Celik\Desktop\saytasproje\ebrarmspa\ebrarmspa.PrjPcb () 
2025-05-06 00:37:06.9435|1|Debug|MCAD: ->ProjectManagerService.ClearCurrentDocument 
2025-05-06 00:37:06.9435|1|Debug|MCAD:  <-ProjectManagerService.ClearCurrentDocument Secs:0 
2025-05-06 00:37:06.9435|1|Info|MCAD:  Setting project C:\Users\Ebrar Celik\Desktop\saytasproje\ebrarmspg\ebrarmspg.PrjPcb () 
2025-05-06 00:37:07.0245|1|Debug|MCAD: ->ProjectManagerService.ClearCurrentDocument 
2025-05-06 00:37:07.0245|1|Debug|MCAD:  <-ProjectManagerService.ClearCurrentDocument Secs:0 
2025-05-06 15:16:42.5639|1|Info|MCAD:  Setting project C:\Users\Ebrar Celik\Desktop\saytasproje\ebrarmspa\ebrarmspa.PrjPcb () 
2025-05-06 15:16:44.2548|1|Info|MCAD:  Setting project C:\Users\Ebrar Celik\Desktop\saytasproje\ebrarmspg\ebrarmspg.PrjPcb () 
2025-05-06 15:16:53.5856|18|Warn|MCAD: Co-Designer 3.4.0.1792, Altium Designer 23.4.1.23 (C:\Program Files\Altium\AD23\X2.EXE) 
2025-05-06 15:16:53.5856|18|Info|MCAD: Product identified as AltiumDesigner 
2025-05-06 15:16:54.7247|18|Debug|MCAD: Start updating CoDesigner UI resource keys. 
2025-05-06 15:16:54.7247|18|Debug|MCAD: Finished updating CoDesigner UI resource keys. 
2025-05-06 15:20:32.7720|1|Info|MCAD:  Setting project C:\Users\Ebrar Celik\Desktop\saytasproje\ebrarmspg\ebrarmspg.PrjPcb () 
2025-05-06 15:20:40.4089|1|Info|MCAD:  Setting project C:\Users\Ebrar Celik\Desktop\saytasproje\ebrarmspg\ebrarmspg.PrjPcb () 
2025-05-06 15:20:41.4975|1|Info|MCAD:  Setting project C:\Users\Ebrar Celik\Desktop\saytasproje\ebrarmspa\ebrarmspa.PrjPcb () 
2025-05-06 15:32:00.3487|1|Info|MCAD:  Setting project C:\Users\Ebrar Celik\Desktop\saytasproje\ebrarmspa\ebrarmspa.PrjPcb () 
2025-05-06 15:32:00.4773|1|Debug|MCAD: ->ProjectManagerService.ClearCurrentDocument 
2025-05-06 15:32:00.4773|1|Debug|MCAD:  <-ProjectManagerService.ClearCurrentDocument Secs:0 
2025-05-06 15:32:00.4773|1|Info|MCAD:  Setting project C:\Users\Ebrar Celik\Desktop\saytasproje\ebrarmspg\ebrarmspg.PrjPcb () 
2025-05-06 15:32:00.6044|1|Debug|MCAD: ->ProjectManagerService.ClearCurrentDocument 
2025-05-06 15:32:00.6044|1|Debug|MCAD:  <-ProjectManagerService.ClearCurrentDocument Secs:0 
2025-05-06 19:43:28.6091|1|Info|MCAD:  Setting project C:\Users\Ebrar Celik\Desktop\saytasproje\ebrarmspa\ebrarmspa.PrjPcb () 
2025-05-06 19:43:30.2071|1|Info|MCAD:  Setting project C:\Users\Ebrar Celik\Desktop\saytasproje\ebrarmspg\ebrarmspg.PrjPcb () 
2025-05-06 19:43:38.5412|23|Warn|MCAD: Co-Designer 3.4.0.1792, Altium Designer 23.4.1.23 (C:\Program Files\Altium\AD23\X2.EXE) 
2025-05-06 19:43:38.5412|23|Info|MCAD: Product identified as AltiumDesigner 
2025-05-06 19:43:39.6336|23|Debug|MCAD: Start updating CoDesigner UI resource keys. 
2025-05-06 19:43:39.6336|23|Debug|MCAD: Finished updating CoDesigner UI resource keys. 
2025-05-06 19:44:23.1898|1|Info|MCAD:  Setting project C:\Users\Ebrar Celik\Desktop\saytasproje\ebrarmspa\ebrarmspa.PrjPcb () 
2025-05-06 19:44:24.5328|1|Info|MCAD:  Setting project C:\Users\Ebrar Celik\Desktop\saytasproje\ebrarmspg\ebrarmspg.PrjPcb () 
2025-05-06 19:44:28.6321|17|Warn|MCAD: Co-Designer 3.4.0.1792, Altium Designer 23.4.1.23 (C:\Program Files\Altium\AD23\X2.EXE) 
2025-05-06 19:44:28.6321|17|Info|MCAD: Product identified as AltiumDesigner 
2025-05-06 19:44:29.7942|17|Debug|MCAD: Start updating CoDesigner UI resource keys. 
2025-05-06 19:44:29.7942|17|Debug|MCAD: Finished updating CoDesigner UI resource keys. 
2025-05-06 20:08:31.6762|1|Debug|MCAD: ->ProjectManagerService.ClearCurrentDocument 
2025-05-06 20:08:31.6762|1|Debug|MCAD:  <-ProjectManagerService.ClearCurrentDocument Secs:0 
2025-05-06 20:08:31.7304|1|Debug|MCAD: ->ProjectManagerService.ClearCurrentDocument 
2025-05-06 20:08:31.7304|1|Debug|MCAD:  <-ProjectManagerService.ClearCurrentDocument Secs:0 
2025-05-07 01:13:06.1127|1|Info|MCAD:  Setting project C:\Users\Ebrar Celik\Desktop\saytasproje\ebrarmspa\ebrarmspa.PrjPcb () 
2025-05-07 01:13:06.2583|1|Debug|MCAD: ->ProjectManagerService.ClearCurrentDocument 
2025-05-07 01:13:06.2583|1|Debug|MCAD:  <-ProjectManagerService.ClearCurrentDocument Secs:0 
2025-05-07 01:13:06.2583|1|Info|MCAD:  Setting project C:\Users\Ebrar Celik\Desktop\saytasproje\ebrarmspg\ebrarmspg.PrjPcb () 
2025-05-07 01:13:06.3697|1|Debug|MCAD: ->ProjectManagerService.ClearCurrentDocument 
2025-05-07 01:13:06.3697|1|Debug|MCAD:  <-ProjectManagerService.ClearCurrentDocument Secs:0 
2025-05-07 11:35:04.7970|1|Info|MCAD:  Setting project C:\Users\Ebrar Celik\Desktop\saytasproje\ebrarmspa\ebrarmspa.PrjPcb () 
2025-05-07 11:35:05.7969|1|Info|MCAD:  Setting project C:\Users\Ebrar Celik\Desktop\saytasproje\ebrarmspg\ebrarmspg.PrjPcb () 
2025-05-07 11:35:14.0101|16|Warn|MCAD: Co-Designer 3.4.0.1792, Altium Designer 23.4.1.23 (C:\Program Files\Altium\AD23\X2.EXE) 
2025-05-07 11:35:14.0101|16|Info|MCAD: Product identified as AltiumDesigner 
2025-05-07 11:35:15.8806|16|Debug|MCAD: Start updating CoDesigner UI resource keys. 
2025-05-07 11:35:15.8806|16|Debug|MCAD: Finished updating CoDesigner UI resource keys. 
2025-05-07 11:44:06.4958|1|Info|MCAD:  Setting project C:\Users\Ebrar Celik\Desktop\saytasproje\ebrarmspg\ebrarmspg.PrjPcb () 
2025-05-07 11:44:10.6989|1|Info|MCAD:  Setting project C:\Users\Ebrar Celik\Desktop\saytasproje\ebrarmspa\ebrarmspa.PrjPcb () 
2025-05-07 14:11:27.2440|1|Info|MCAD:  Setting project C:\Users\Ebrar Celik\Desktop\saytasproje\ebrarmspg\ebrarmspg.PrjPcb () 
2025-05-07 14:17:32.8906|1|Info|MCAD:  Setting project C:\Users\Ebrar Celik\Desktop\saytasproje\ebrarmspg\ebrarmspg.PrjPcb () 
2025-05-07 14:17:35.1879|1|Info|MCAD:  Setting project C:\Users\Ebrar Celik\Desktop\saytasproje\ebrarmspa\ebrarmspa.PrjPcb () 
2025-05-07 14:18:52.1772|1|Info|MCAD:  Setting project C:\Users\Ebrar Celik\Desktop\saytasproje\ebrarmspa\ebrarmspa.PrjPcb () 
2025-05-07 14:26:20.9271|1|Debug|MCAD: ->ProjectManagerService.ClearCurrentDocument 
2025-05-07 14:26:20.9271|1|Debug|MCAD:  <-ProjectManagerService.ClearCurrentDocument Secs:0 
2025-05-07 14:26:21.0427|1|Debug|MCAD: ->ProjectManagerService.ClearCurrentDocument 
2025-05-07 14:26:21.0427|1|Debug|MCAD:  <-ProjectManagerService.ClearCurrentDocument Secs:0 
2025-05-07 15:05:43.6645|1|Info|MCAD:  Setting project C:\Users\Ebrar Celik\Desktop\saytasproje\ebrarmspa\ebrarmspa.PrjPcb () 
2025-05-07 15:05:44.4769|1|Info|MCAD:  Setting project C:\Users\Ebrar Celik\Desktop\saytasproje\ebrarmspg\ebrarmspg.PrjPcb () 
2025-05-07 15:05:51.6322|18|Warn|MCAD: Co-Designer 3.4.0.1792, Altium Designer 23.4.1.23 (C:\Program Files\Altium\AD23\X2.EXE) 
2025-05-07 15:05:51.6322|18|Info|MCAD: Product identified as AltiumDesigner 
2025-05-07 15:05:52.9879|18|Debug|MCAD: Start updating CoDesigner UI resource keys. 
2025-05-07 15:05:52.9943|18|Debug|MCAD: Finished updating CoDesigner UI resource keys. 
2025-05-07 15:06:24.0650|1|Info|MCAD:  Setting project C:\Users\Ebrar Celik\Desktop\saytasproje\ebrarmspg\ebrarmspg.PrjPcb () 
2025-05-07 15:06:26.5473|1|Info|MCAD:  Setting project C:\Users\Ebrar Celik\Desktop\saytasproje\ebrarmspa\ebrarmspa.PrjPcb () 
2025-05-07 15:06:37.0617|1|Info|MCAD:  Setting project C:\Users\Ebrar Celik\Desktop\saytasproje\ebrarmspg\ebrarmspg.PrjPcb () 
2025-05-09 14:00:03.1142|1|Info|MCAD:  Setting project C:\Users\Ebrar Celik\Desktop\saytasproje\ebrarmspa\ebrarmspa.PrjPcb () 
2025-05-09 14:00:03.7102|1|Info|MCAD:  Setting project C:\Users\Ebrar Celik\Desktop\saytasproje\ebrarmspg\ebrarmspg.PrjPcb () 
2025-05-09 14:00:09.6160|9|Warn|MCAD: Co-Designer 3.4.0.1792, Altium Designer 23.4.1.23 (C:\Program Files\Altium\AD23\X2.EXE) 
2025-05-09 14:00:09.6160|9|Info|MCAD: Product identified as AltiumDesigner 
2025-05-09 14:00:10.5135|9|Debug|MCAD: Start updating CoDesigner UI resource keys. 
2025-05-09 14:00:10.5264|9|Debug|MCAD: Finished updating CoDesigner UI resource keys. 
2025-05-09 14:16:50.3189|1|Info|MCAD:  Setting project C:\Users\Ebrar Celik\Desktop\saytasproje\ebrarmspg\ebrarmspg.PrjPcb () 
2025-05-09 14:16:51.9138|1|Info|MCAD:  Setting project C:\Users\Ebrar Celik\Desktop\saytasproje\ebrarmspa\ebrarmspa.PrjPcb () 
2025-05-09 14:16:59.1828|1|Info|MCAD:  Setting project C:\Users\Ebrar Celik\Desktop\saytasproje\ebrarmspg\ebrarmspg.PrjPcb () 
2025-05-09 14:17:04.2251|1|Debug|MCAD: ->ProjectManagerService.ClearCurrentDocument 
2025-05-09 14:17:04.2251|1|Debug|MCAD:  <-ProjectManagerService.ClearCurrentDocument Secs:0 
2025-05-09 14:17:04.2251|1|Info|MCAD:  Setting project C:\Users\Ebrar Celik\Desktop\saytasproje\ebrarmspa\ebrarmspa.PrjPcb () 
2025-05-09 14:17:04.2251|1|Info|MCAD:  Setting project C:\Users\Ebrar Celik\Desktop\saytasproje\ebrarmspa\ebrarmspa.PrjPcb () 
2025-05-09 14:17:04.2608|1|Info|MCAD:  Setting project C:\Users\Ebrar Celik\Desktop\saytasproje\ebrarmspa\ebrarmspa.PrjPcb () 
2025-05-09 14:17:04.2956|1|Info|MCAD:  Setting project C:\Users\Ebrar Celik\Desktop\saytasproje\ebrarmspa\ebrarmspa.PrjPcb () 
2025-05-09 14:53:41.5322|1|Info|MCAD:  Setting project C:\Users\Ebrar Celik\Desktop\saytasproje\ebrarmspa\ebrarmspa.PrjPcb () 
2025-05-09 14:53:42.1186|1|Info|MCAD:  Setting project C:\Users\Ebrar Celik\Desktop\saytasproje\ebrarmspg\ebrarmspg.PrjPcb () 
2025-05-09 14:53:48.4564|20|Warn|MCAD: Co-Designer 3.4.0.1792, Altium Designer 23.4.1.23 (C:\Program Files\Altium\AD23\X2.EXE) 
2025-05-09 14:53:48.4564|20|Info|MCAD: Product identified as AltiumDesigner 
2025-05-09 14:53:49.6795|20|Debug|MCAD: Start updating CoDesigner UI resource keys. 
2025-05-09 14:53:49.6795|20|Debug|MCAD: Finished updating CoDesigner UI resource keys. 
2025-05-09 14:59:04.9895|1|Debug|MCAD: ->ProjectManagerService.ClearCurrentDocument 
2025-05-09 14:59:04.9905|1|Debug|MCAD:  <-ProjectManagerService.ClearCurrentDocument Secs:0 
2025-05-09 14:59:06.5570|1|Debug|MCAD: ->ProjectManagerService.ClearCurrentDocument 
2025-05-09 14:59:06.5570|1|Debug|MCAD:  <-ProjectManagerService.ClearCurrentDocument Secs:0 
2025-05-09 15:07:02.2181|1|Info|MCAD:  Setting project C:\Users\Ebrar Celik\Desktop\saytasproje\ebrarmspa\ebrarmspa.PrjPcb () 
2025-05-09 15:07:18.3599|1|Info|MCAD:  Setting project C:\Users\Ebrar Celik\Desktop\saytasproje\ebrarmspa\ebrarmspa.PrjPcb () 
2025-05-09 15:07:36.6243|1|Info|MCAD:  Setting project C:\Users\Ebrar Celik\Desktop\saytasproje\ebrarmspa\ebrarmspa.PrjPcb () 
2025-05-09 15:40:24.8095|1|Info|MCAD:  Setting project C:\Users\Ebrar Celik\Desktop\saytasproje\ebrarmspg\ebrarmspg.PrjPcb () 
2025-05-09 15:41:04.3100|1|Info|MCAD:  Setting project C:\Users\Ebrar Celik\Desktop\saytasproje\ebrarmspg\ebrarmspg.PrjPcb () 
2025-05-09 15:42:22.4884|1|Info|MCAD:  Setting project C:\Users\Ebrar Celik\Desktop\saytasproje\ebrarmspg\ebrarmspg.PrjPcb () 
2025-05-09 15:42:29.4596|1|Info|MCAD:  Setting project C:\Users\Ebrar Celik\Desktop\saytasproje\ebrarmspg\ebrarmspg.PrjPcb () 
2025-05-09 15:43:13.7638|1|Info|MCAD:  Setting project C:\Users\Ebrar Celik\Desktop\saytasproje\ebrarmspg\ebrarmspg.PrjPcb () 
2025-05-09 15:43:34.5164|1|Info|MCAD:  Setting project C:\Users\Ebrar Celik\Desktop\saytasproje\ebrarmspg\ebrarmspg.PrjPcb () 
2025-05-09 15:45:44.5760|1|Info|MCAD:  Setting project C:\Users\Ebrar Celik\Desktop\saytasproje\ebrarmspg\ebrarmspg.PrjPcb () 
2025-05-09 15:58:53.7783|1|Info|MCAD:  Setting project C:\Users\Ebrar Celik\Desktop\saytasproje\ebrarmspg\ebrarmspg.PrjPcb () 
2025-05-09 15:59:03.8897|1|Info|MCAD:  Setting project C:\Users\Ebrar Celik\Desktop\saytasproje\ebrarmspg\ebrarmspg.PrjPcb () 
2025-05-09 16:03:53.9464|1|Info|MCAD:  Setting project C:\Users\Ebrar Celik\Desktop\saytasproje\ebrarmspg\ebrarmspg.PrjPcb () 
2025-05-09 16:04:03.5990|1|Info|MCAD:  Setting project C:\Users\Ebrar Celik\Desktop\saytasproje\ebrarmspg\ebrarmspg.PrjPcb () 
2025-05-09 16:08:33.5418|1|Info|MCAD:  Setting project C:\Users\Ebrar Celik\Desktop\saytasproje\ebrarmspg\ebrarmspg.PrjPcb () 
2025-05-09 16:08:57.0719|1|Info|MCAD:  Setting project C:\Users\Ebrar Celik\Desktop\saytasproje\ebrarmspg\ebrarmspg.PrjPcb () 
2025-05-09 16:10:32.3578|1|Info|MCAD:  Setting project C:\Users\Ebrar Celik\Desktop\saytasproje\ebrarmspg\ebrarmspg.PrjPcb () 
2025-05-09 16:11:25.5580|1|Info|MCAD:  Setting project C:\Users\Ebrar Celik\Desktop\saytasproje\ebrarmspa\ebrarmspa.PrjPcb () 
2025-05-09 16:12:00.3118|1|Info|MCAD:  Setting project C:\Users\Ebrar Celik\Desktop\saytasproje\ebrarmspa\ebrarmspa.PrjPcb () 
2025-05-10 01:32:34.8987|1|Debug|MCAD: ->ProjectManagerService.ClearCurrentDocument 
2025-05-10 01:32:34.8987|1|Debug|MCAD:  <-ProjectManagerService.ClearCurrentDocument Secs:0 
2025-05-10 01:32:35.0639|1|Debug|MCAD: ->ProjectManagerService.ClearCurrentDocument 
2025-05-10 01:32:35.0639|1|Debug|MCAD:  <-ProjectManagerService.ClearCurrentDocument Secs:0 
2025-05-12 20:48:30.7478|1|Info|MCAD:  Setting project C:\Users\Ebrar Celik\Desktop\saytasproje\ebrarmspg\ebrarmspg.PrjPcb () 
2025-05-12 20:48:33.0086|1|Info|MCAD:  Setting project C:\Users\Ebrar Celik\Desktop\saytasproje\ebrarmspa\ebrarmspa.PrjPcb () 
2025-05-12 20:48:38.0764|18|Warn|MCAD: Co-Designer 3.4.0.1792, Altium Designer 23.4.1.23 (C:\Program Files\Altium\AD23\X2.EXE) 
2025-05-12 20:48:38.0764|18|Info|MCAD: Product identified as AltiumDesigner 
2025-05-12 20:48:39.0841|18|Debug|MCAD: Start updating CoDesigner UI resource keys. 
2025-05-12 20:48:39.0841|18|Debug|MCAD: Finished updating CoDesigner UI resource keys. 
2025-05-12 20:50:45.0701|1|Info|MCAD:  Setting project C:\Users\Ebrar Celik\Desktop\saytasproje\ebrarmspa\ebrarmspa.PrjPcb () 
2025-05-12 20:51:15.6184|1|Info|MCAD:  Setting project C:\Users\Ebrar Celik\Desktop\saytasproje\ebrarmspg\ebrarmspg.PrjPcb () 
2025-05-13 02:07:02.7529|1|Debug|MCAD: ->ProjectManagerService.ClearCurrentDocument 
2025-05-13 02:07:02.7561|1|Debug|MCAD:  <-ProjectManagerService.ClearCurrentDocument Secs:0,015 
2025-05-13 02:07:02.8292|1|Debug|MCAD: ->ProjectManagerService.ClearCurrentDocument 
2025-05-13 02:07:02.8292|1|Debug|MCAD:  <-ProjectManagerService.ClearCurrentDocument Secs:0 
2025-05-13 14:32:51.5377|1|Info|MCAD:  Setting project C:\Users\Ebrar Celik\Desktop\saytasproje\ebrarmspg\ebrarmspg.PrjPcb () 
2025-05-13 14:32:53.9763|1|Info|MCAD:  Setting project C:\Users\Ebrar Celik\Desktop\saytasproje\ebrarmspa\ebrarmspa.PrjPcb () 
2025-05-13 14:32:58.7422|24|Warn|MCAD: Co-Designer 3.4.0.1792, Altium Designer 23.4.1.23 (C:\Program Files\Altium\AD23\X2.EXE) 
2025-05-13 14:32:58.7422|24|Info|MCAD: Product identified as AltiumDesigner 
2025-05-13 14:32:59.9465|24|Debug|MCAD: Start updating CoDesigner UI resource keys. 
2025-05-13 14:32:59.9465|24|Debug|MCAD: Finished updating CoDesigner UI resource keys. 
2025-05-13 16:11:27.3968|1|Debug|MCAD: ->ProjectManagerService.ClearCurrentDocument 
2025-05-13 16:11:27.3968|1|Debug|MCAD:  <-ProjectManagerService.ClearCurrentDocument Secs:0 
2025-05-13 16:11:27.4992|1|Debug|MCAD: ->ProjectManagerService.ClearCurrentDocument 
2025-05-13 16:11:27.4992|1|Debug|MCAD:  <-ProjectManagerService.ClearCurrentDocument Secs:0 
2025-05-14 15:35:13.3058|1|Info|MCAD:  Setting project C:\Users\Ebrar Celik\Desktop\saytasproje\ebrarmspg\ebrarmspg.PrjPcb () 
2025-05-14 15:35:16.2740|1|Info|MCAD:  Setting project C:\Users\Ebrar Celik\Desktop\saytasproje\ebrarmspa\ebrarmspa.PrjPcb () 
2025-05-14 15:35:24.9030|30|Warn|MCAD: Co-Designer 3.4.0.1792, Altium Designer 23.4.1.23 (C:\Program Files\Altium\AD23\X2.EXE) 
2025-05-14 15:35:24.9136|30|Info|MCAD: Product identified as AltiumDesigner 
2025-05-14 15:35:26.2932|30|Debug|MCAD: Start updating CoDesigner UI resource keys. 
2025-05-14 15:35:26.3022|30|Debug|MCAD: Finished updating CoDesigner UI resource keys. 
2025-05-14 15:36:05.7900|1|Info|MCAD:  Setting project C:\Users\Ebrar Celik\Desktop\saytasproje\ebrarmspg\ebrarmspg.PrjPcb () 
2025-05-14 15:36:09.7223|1|Info|MCAD:  Setting project C:\Users\Ebrar Celik\Desktop\saytasproje\ebrarmspa\ebrarmspa.PrjPcb () 
2025-05-14 15:36:13.6794|33|Warn|MCAD: Co-Designer 3.4.0.1792, Altium Designer 23.4.1.23 (C:\Program Files\Altium\AD23\X2.EXE) 
2025-05-14 15:36:13.6794|33|Info|MCAD: Product identified as AltiumDesigner 
2025-05-14 15:36:15.0447|33|Debug|MCAD: Start updating CoDesigner UI resource keys. 
2025-05-14 15:36:15.0507|33|Debug|MCAD: Finished updating CoDesigner UI resource keys. 
2025-05-14 16:16:12.7124|1|Debug|MCAD: ->ProjectManagerService.ClearCurrentDocument 
2025-05-14 16:16:12.7124|1|Debug|MCAD:  <-ProjectManagerService.ClearCurrentDocument Secs:0 
2025-05-14 16:16:12.7844|1|Debug|MCAD: ->ProjectManagerService.ClearCurrentDocument 
2025-05-14 16:16:12.7844|1|Debug|MCAD:  <-ProjectManagerService.ClearCurrentDocument Secs:0 
2025-05-14 16:16:20.1621|1|Debug|MCAD: ->ProjectManagerService.ClearCurrentDocument 
2025-05-14 16:16:20.1621|1|Debug|MCAD:  <-ProjectManagerService.ClearCurrentDocument Secs:0 
2025-05-14 16:16:20.2198|1|Debug|MCAD: ->ProjectManagerService.ClearCurrentDocument 
2025-05-14 16:16:20.2198|1|Debug|MCAD:  <-ProjectManagerService.ClearCurrentDocument Secs:0 
2025-05-15 13:45:23.8205|1|Info|MCAD:  Setting project C:\Users\Ebrar Celik\Desktop\saytasproje\ebrarmspg\ebrarmspg.PrjPcb () 
2025-05-15 13:45:26.5506|1|Info|MCAD:  Setting project C:\Users\Ebrar Celik\Desktop\saytasproje\ebrarmspa\ebrarmspa.PrjPcb () 
2025-05-15 13:45:31.6382|15|Warn|MCAD: Co-Designer 3.4.0.1792, Altium Designer 23.4.1.23 (C:\Program Files\Altium\AD23\X2.EXE) 
2025-05-15 13:45:31.6382|15|Info|MCAD: Product identified as AltiumDesigner 
2025-05-15 13:45:32.7307|15|Debug|MCAD: Start updating CoDesigner UI resource keys. 
2025-05-15 13:45:32.7408|15|Debug|MCAD: Finished updating CoDesigner UI resource keys. 
2025-05-15 13:46:04.9819|1|Info|MCAD:  Setting project C:\Users\Ebrar Celik\Desktop\saytasproje\ebrarmspg\ebrarmspg.PrjPcb () 
2025-05-15 13:46:06.1080|1|Info|MCAD:  Setting project C:\Users\Ebrar Celik\Desktop\saytasproje\ebrarmspa\ebrarmspa.PrjPcb () 
2025-05-15 13:46:08.2024|6|Warn|MCAD: Co-Designer 3.4.0.1792, Altium Designer 23.4.1.23 (C:\Program Files\Altium\AD23\X2.EXE) 
2025-05-15 13:46:08.2024|6|Info|MCAD: Product identified as AltiumDesigner 
2025-05-15 13:46:09.2865|6|Debug|MCAD: Start updating CoDesigner UI resource keys. 
2025-05-15 13:46:09.2865|6|Debug|MCAD: Finished updating CoDesigner UI resource keys. 
2025-05-15 13:51:40.5136|1|Debug|MCAD: ->ProjectManagerService.ClearCurrentDocument 
2025-05-15 13:51:40.5136|1|Debug|MCAD:  <-ProjectManagerService.ClearCurrentDocument Secs:0 
2025-05-15 13:51:40.5799|1|Debug|MCAD: ->ProjectManagerService.ClearCurrentDocument 
2025-05-15 13:51:40.5799|1|Debug|MCAD:  <-ProjectManagerService.ClearCurrentDocument Secs:0 
2025-05-15 13:57:15.4619|1|Info|MCAD:  Setting project C:\Users\Ebrar Celik\Desktop\saytasproje\ebrarmspg\ebrarmspg.PrjPcb () 
2025-05-15 13:57:16.4762|1|Info|MCAD:  Setting project C:\Users\Ebrar Celik\Desktop\saytasproje\ebrarmspa\ebrarmspa.PrjPcb () 
2025-05-15 13:57:18.5040|23|Warn|MCAD: Co-Designer 3.4.0.1792, Altium Designer 23.4.1.23 (C:\Program Files\Altium\AD23\X2.EXE) 
2025-05-15 13:57:18.5040|23|Info|MCAD: Product identified as AltiumDesigner 
2025-05-15 13:57:19.6459|23|Debug|MCAD: Start updating CoDesigner UI resource keys. 
2025-05-15 13:57:19.6459|23|Debug|MCAD: Finished updating CoDesigner UI resource keys. 
2025-05-15 13:57:22.5801|1|Info|MCAD:  Setting project C:\Users\Ebrar Celik\Desktop\saytasproje\ebrarmspg\ebrarmspg.PrjPcb () 
2025-05-15 14:04:03.5177|1|Info|MCAD:  Setting project C:\Users\Ebrar Celik\Desktop\saytasproje\ebrarmspg\ebrarmspg.PrjPcb () 
2025-05-15 14:04:04.5275|1|Info|MCAD:  Setting project C:\Users\Ebrar Celik\Desktop\saytasproje\ebrarmspa\ebrarmspa.PrjPcb () 
2025-05-15 14:04:06.4127|6|Warn|MCAD: Co-Designer 3.4.0.1792, Altium Designer 23.4.1.23 (C:\Program Files\Altium\AD23\X2.EXE) 
2025-05-15 14:04:06.4127|6|Info|MCAD: Product identified as AltiumDesigner 
2025-05-15 14:04:07.4319|6|Debug|MCAD: Start updating CoDesigner UI resource keys. 
2025-05-15 14:04:07.4319|6|Debug|MCAD: Finished updating CoDesigner UI resource keys. 
2025-05-15 14:04:08.7987|1|Info|MCAD:  Setting project C:\Users\Ebrar Celik\Desktop\saytasproje\ebrarmspg\ebrarmspg.PrjPcb () 
2025-05-15 14:04:10.5549|1|Debug|MCAD: ->ProjectManagerService.ClearCurrentDocument 
2025-05-15 14:04:10.5549|1|Debug|MCAD:  <-ProjectManagerService.ClearCurrentDocument Secs:0 
2025-05-15 14:20:33.8145|1|Info|MCAD:  Setting project C:\Users\Ebrar Celik\Desktop\saytasproje\ebrarmspg\ebrarmspg.PrjPcb () 
2025-05-15 14:20:39.0785|1|Info|MCAD:  Setting project C:\Users\Ebrar Celik\Desktop\saytasproje\ebrarmspa\ebrarmspa.PrjPcb () 
2025-05-15 14:20:42.4210|1|Info|MCAD:  Setting project C:\Users\Ebrar Celik\Desktop\saytasproje\ebrarmspg\ebrarmspg.PrjPcb () 
2025-05-15 14:20:49.7900|1|Info|MCAD:  Setting project C:\Users\Ebrar Celik\Desktop\saytasproje\ebrarmspg\ebrarmspg.PrjPcb () 
2025-05-15 14:20:51.4997|1|Info|MCAD:  Setting project C:\Users\Ebrar Celik\Desktop\saytasproje\ebrarmspa\ebrarmspa.PrjPcb () 
2025-05-15 14:20:54.2964|1|Info|MCAD:  Setting project C:\Users\Ebrar Celik\Desktop\saytasproje\ebrarmspa\ebrarmspa.PrjPcb () 
2025-05-15 14:22:15.4163|1|Info|MCAD:  Setting project C:\Users\Ebrar Celik\Desktop\saytasproje\ebrarmspa\ebrarmspa.PrjPcb () 
2025-05-15 14:22:26.6872|1|Info|MCAD:  Setting project C:\Users\Ebrar Celik\Desktop\saytasproje\ebrarmspa\ebrarmspa.PrjPcb () 
2025-05-15 14:22:29.3223|1|Info|MCAD:  Setting project C:\Users\Ebrar Celik\Desktop\saytasproje\ebrarmspg\ebrarmspg.PrjPcb () 
2025-05-15 14:24:36.8823|1|Info|MCAD:  Setting project C:\Users\Ebrar Celik\Desktop\saytasproje\ebrarmspa\ebrarmspa.PrjPcb () 
2025-05-15 14:37:37.2704|1|Info|MCAD:  Setting project C:\Users\Ebrar Celik\Desktop\saytasproje\ebrarmspa\ebrarmspa.PrjPcb () 
2025-05-15 14:37:48.8550|1|Info|MCAD:  Setting project C:\Users\Ebrar Celik\Desktop\saytasproje\ebrarmspa\ebrarmspa.PrjPcb () 
2025-05-15 14:47:04.3895|1|Info|MCAD:  Setting project C:\Users\Ebrar Celik\Desktop\saytasproje\ebrarmspg\ebrarmspg.PrjPcb () 
2025-05-15 14:47:04.4031|1|Info|MCAD:  Setting project C:\Users\Ebrar Celik\Desktop\saytasproje\ebrarmspg\ebrarmspg.PrjPcb () 
2025-05-15 14:47:04.4525|1|Info|MCAD:  Setting project C:\Users\Ebrar Celik\Desktop\saytasproje\ebrarmspg\ebrarmspg.PrjPcb () 
2025-05-15 14:47:04.5564|1|Info|MCAD:  Setting project C:\Users\Ebrar Celik\Desktop\saytasproje\ebrarmspg\ebrarmspg.PrjPcb () 
2025-05-15 14:47:08.0528|1|Info|MCAD:  Setting project C:\Users\Ebrar Celik\Desktop\saytasproje\ebrarmspa\ebrarmspa.PrjPcb () 
2025-05-15 14:47:10.1675|1|Debug|MCAD: ->ProjectManagerService.ClearCurrentDocument 
2025-05-15 14:47:10.1675|1|Debug|MCAD:  <-ProjectManagerService.ClearCurrentDocument Secs:0 
2025-05-15 14:47:12.5098|1|Info|MCAD:  Setting project C:\Users\Ebrar Celik\Desktop\saytasproje\ebrarmspg\ebrarmspg.PrjPcb () 
2025-05-15 14:47:12.5216|1|Info|MCAD:  Setting project C:\Users\Ebrar Celik\Desktop\saytasproje\ebrarmspg\ebrarmspg.PrjPcb () 
2025-05-15 14:47:12.5461|1|Info|MCAD:  Setting project C:\Users\Ebrar Celik\Desktop\saytasproje\ebrarmspg\ebrarmspg.PrjPcb () 
2025-05-15 14:47:12.6451|1|Info|MCAD:  Setting project C:\Users\Ebrar Celik\Desktop\saytasproje\ebrarmspg\ebrarmspg.PrjPcb () 
2025-05-15 14:47:13.9817|1|Debug|MCAD: ->ProjectManagerService.ClearCurrentDocument 
2025-05-15 14:47:13.9817|1|Debug|MCAD:  <-ProjectManagerService.ClearCurrentDocument Secs:0 
2025-05-15 14:49:57.7834|1|Info|MCAD:  Setting project C:\Users\Ebrar Celik\Desktop\saytasproje\ebrarmspa\ebrarmspa.PrjPcb () 
2025-05-15 14:52:07.3390|1|Info|MCAD:  Setting project C:\Users\Ebrar Celik\Desktop\saytasproje\ebrarmspa\ebrarmspa.PrjPcb () 
2025-05-15 14:52:44.2611|1|Info|MCAD:  Setting project C:\Users\Ebrar Celik\Desktop\saytasproje\ebrarmspa\ebrarmspa.PrjPcb () 
2025-05-15 15:04:40.8608|1|Info|MCAD:  Setting project C:\Users\Ebrar Celik\Desktop\saytasproje\ebrarmspa\ebrarmspa.PrjPcb () 
2025-05-15 15:11:33.2454|1|Debug|MCAD: ->ProjectManagerService.ClearCurrentDocument 
2025-05-15 15:11:33.2454|1|Debug|MCAD:  <-ProjectManagerService.ClearCurrentDocument Secs:0 
2025-05-15 15:11:35.6653|1|Info|MCAD:  Setting project C:\Users\Ebrar Celik\Desktop\saytasproje\ebrarmspa\ebrarmspa.PrjPcb () 
2025-05-15 15:13:08.0664|1|Info|MCAD:  Setting project C:\Users\Ebrar Celik\Desktop\saytasproje\ebrarmspa\ebrarmspa.PrjPcb () 
2025-05-15 15:14:00.9612|1|Info|MCAD:  Setting project C:\Users\Ebrar Celik\Desktop\saytasproje\ebrarmspa\ebrarmspa.PrjPcb () 
2025-05-15 15:36:23.4298|1|Info|MCAD:  Setting project C:\Users\Ebrar Celik\Desktop\saytasproje\ebrarmspa\ebrarmspa.PrjPcb () 
2025-05-15 15:36:29.4019|1|Info|MCAD:  Setting project C:\Users\Ebrar Celik\Desktop\saytasproje\ebrarmspg\ebrarmspg.PrjPcb () 
2025-05-15 15:43:54.5384|1|Info|MCAD:  Setting project C:\Users\Ebrar Celik\Desktop\saytasproje\ebrarmspa\ebrarmspa.PrjPcb () 
2025-05-15 15:51:38.0430|1|Info|MCAD:  Setting project C:\Users\Ebrar Celik\Desktop\saytasproje\ebrarmspa\ebrarmspa.PrjPcb () 
2025-05-15 15:51:50.0108|1|Info|MCAD:  Setting project C:\Users\Ebrar Celik\Desktop\saytasproje\ebrarmspa\ebrarmspa.PrjPcb () 
2025-05-15 15:51:54.0413|1|Info|MCAD:  Setting project C:\Users\Ebrar Celik\Desktop\saytasproje\ebrarmspa\ebrarmspa.PrjPcb () 
2025-05-15 15:52:36.6399|1|Info|MCAD:  Setting project C:\Users\Ebrar Celik\Desktop\saytasproje\ebrarmspa\ebrarmspa.PrjPcb () 
2025-05-15 15:57:52.5920|1|Info|MCAD:  Setting project C:\Users\Ebrar Celik\Desktop\saytasproje\ebrarmspa\ebrarmspa.PrjPcb () 
2025-05-15 16:03:14.5403|1|Info|MCAD:  Setting project C:\Users\Ebrar Celik\Desktop\saytasproje\ebrarmspa\ebrarmspa.PrjPcb () 
2025-05-15 16:03:18.7397|1|Info|MCAD:  Setting project C:\Users\Ebrar Celik\Desktop\saytasproje\ebrarmspg\ebrarmspg.PrjPcb () 
2025-05-15 16:03:52.0795|1|Info|MCAD:  Setting project C:\Users\Ebrar Celik\Desktop\saytasproje\ebrarmspg\ebrarmspg.PrjPcb () 
2025-05-15 16:04:56.9819|1|Info|MCAD:  Setting project C:\Users\Ebrar Celik\Desktop\saytasproje\ebrarmspg\ebrarmspg.PrjPcb () 
2025-05-15 16:05:03.2378|1|Info|MCAD:  Setting project C:\Users\Ebrar Celik\Desktop\saytasproje\ebrarmspg\ebrarmspg.PrjPcb () 
2025-05-15 16:05:48.4860|1|Info|MCAD:  Setting project C:\Users\Ebrar Celik\Desktop\saytasproje\ebrarmspg\ebrarmspg.PrjPcb () 
2025-05-15 16:06:05.4417|1|Info|MCAD:  Setting project C:\Users\Ebrar Celik\Desktop\saytasproje\ebrarmspg\ebrarmspg.PrjPcb () 
2025-05-15 16:06:25.4177|1|Info|MCAD:  Setting project C:\Users\Ebrar Celik\Desktop\saytasproje\ebrarmspg\ebrarmspg.PrjPcb () 
2025-05-15 16:06:52.0826|1|Info|MCAD:  Setting project C:\Users\Ebrar Celik\Desktop\saytasproje\ebrarmspg\ebrarmspg.PrjPcb () 
2025-05-15 16:06:56.9803|1|Debug|MCAD: ->ProjectManagerService.ClearCurrentDocument 
2025-05-15 16:06:56.9803|1|Debug|MCAD:  <-ProjectManagerService.ClearCurrentDocument Secs:0 
2025-05-15 16:06:59.3387|1|Info|MCAD:  Setting project C:\Users\Ebrar Celik\Desktop\saytasproje\ebrarmspg\ebrarmspg.PrjPcb () 
2025-05-15 16:07:09.3264|1|Info|MCAD:  Setting project C:\Users\Ebrar Celik\Desktop\saytasproje\ebrarmspg\ebrarmspg.PrjPcb () 
2025-05-15 16:07:28.0052|1|Info|MCAD:  Setting project C:\Users\Ebrar Celik\Desktop\saytasproje\ebrarmspg\ebrarmspg.PrjPcb () 
2025-05-15 16:07:44.5962|1|Info|MCAD:  Setting project C:\Users\Ebrar Celik\Desktop\saytasproje\ebrarmspg\ebrarmspg.PrjPcb () 
2025-05-15 16:21:37.5169|1|Info|MCAD:  Setting project C:\Users\Ebrar Celik\Desktop\saytasproje\ebrarmspg\ebrarmspg.PrjPcb () 
2025-05-15 16:21:40.7561|1|Info|MCAD:  Setting project C:\Users\Ebrar Celik\Desktop\saytasproje\ebrarmspa\ebrarmspa.PrjPcb () 
2025-05-15 16:30:08.4558|1|Info|MCAD:  Setting project C:\Users\Ebrar Celik\Desktop\saytasproje\ebrarmspg\ebrarmspg.PrjPcb () 
2025-05-15 16:30:22.3381|1|Info|MCAD:  Setting project C:\Users\Ebrar Celik\Desktop\saytasproje\ebrarmspg\ebrarmspg.PrjPcb () 
2025-05-15 16:49:34.4485|1|Info|MCAD:  Setting project C:\Users\Ebrar Celik\Desktop\saytasproje\ebrarmspg\ebrarmspg.PrjPcb () 
2025-05-15 16:51:03.9442|1|Info|MCAD:  Setting project C:\Users\Ebrar Celik\Desktop\saytasproje\ebrarmspa\ebrarmspa.PrjPcb () 
2025-05-15 16:51:08.5549|1|Info|MCAD:  Setting project C:\Users\Ebrar Celik\Desktop\saytasproje\ebrarmspg\ebrarmspg.PrjPcb () 
2025-05-15 16:51:12.3049|1|Info|MCAD:  Setting project C:\Users\Ebrar Celik\Desktop\saytasproje\ebrarmspa\ebrarmspa.PrjPcb () 
2025-05-15 16:51:36.4652|1|Info|MCAD:  Setting project C:\Users\Ebrar Celik\Desktop\saytasproje\ebrarmspa\ebrarmspa.PrjPcb () 
2025-05-15 16:51:38.3582|1|Info|MCAD:  Setting project C:\Users\Ebrar Celik\Desktop\saytasproje\ebrarmspg\ebrarmspg.PrjPcb () 
2025-05-15 16:55:26.1592|1|Info|MCAD:  Setting project C:\Users\Ebrar Celik\Desktop\saytasproje\ebrarmspa\ebrarmspa.PrjPcb () 
2025-05-15 16:56:26.6946|1|Info|MCAD:  Setting project C:\Users\Ebrar Celik\Desktop\saytasproje\ebrarmspg\ebrarmspg.PrjPcb () 
2025-05-15 16:56:28.6668|1|Info|MCAD:  Setting project C:\Users\Ebrar Celik\Desktop\saytasproje\ebrarmspa\ebrarmspa.PrjPcb () 
2025-05-15 16:57:01.2114|1|Info|MCAD:  Setting project C:\Users\Ebrar Celik\Desktop\saytasproje\ebrarmspg\ebrarmspg.PrjPcb () 
2025-05-15 16:57:43.2330|1|Info|MCAD:  Setting project C:\Users\Ebrar Celik\Desktop\saytasproje\ebrarmspa\ebrarmspa.PrjPcb () 
2025-05-15 16:57:46.9194|1|Info|MCAD:  Setting project C:\Users\Ebrar Celik\Desktop\saytasproje\ebrarmspa\ebrarmspa.PrjPcb () 
2025-05-15 16:57:47.0062|1|Debug|MCAD: ->ProjectManagerService.ClearCurrentDocument 
2025-05-15 16:57:47.0062|1|Debug|MCAD:  <-ProjectManagerService.ClearCurrentDocument Secs:0 
2025-05-15 16:57:47.1319|1|Debug|MCAD: ->ProjectManagerService.ClearCurrentDocument 
2025-05-15 16:57:47.1319|1|Debug|MCAD:  <-ProjectManagerService.ClearCurrentDocument Secs:0 
2025-05-16 16:48:13.4059|1|Info|MCAD:  Setting project C:\Users\Ebrar Celik\Desktop\saytasproje\ebrarmspg\ebrarmspg.PrjPcb () 
2025-05-16 16:48:19.3213|1|Info|MCAD:  Setting project C:\Users\Ebrar Celik\Desktop\saytasproje\ebrarmspa\ebrarmspa.PrjPcb () 
2025-05-16 16:48:27.6318|6|Warn|MCAD: Co-Designer 3.4.0.1792, Altium Designer 23.4.1.23 (C:\Program Files\Altium\AD23\X2.EXE) 
2025-05-16 16:48:27.6318|6|Info|MCAD: Product identified as AltiumDesigner 
2025-05-16 16:48:29.0425|6|Debug|MCAD: Start updating CoDesigner UI resource keys. 
2025-05-16 16:48:29.0521|6|Debug|MCAD: Finished updating CoDesigner UI resource keys. 
2025-05-16 19:12:40.6674|1|Info|MCAD:  Setting project C:\Users\Ebrar Celik\Desktop\saytasproje\ebrarmspa\ebrarmspa.PrjPcb () 
2025-05-16 19:12:48.4831|1|Info|MCAD:  Setting project C:\Users\Ebrar Celik\Desktop\saytasproje\ebrarmspg\ebrarmspg.PrjPcb () 
2025-05-16 19:12:56.3195|1|Info|MCAD:  Setting project C:\Users\Ebrar Celik\Desktop\saytasproje\ebrarmspg\ebrarmspg.PrjPcb () 
2025-05-16 19:13:14.4622|1|Info|MCAD:  Setting project C:\Users\Ebrar Celik\Desktop\saytasproje\ebrarmspa\ebrarmspa.PrjPcb () 
2025-05-16 19:13:22.3413|1|Info|MCAD:  Setting project C:\Users\Ebrar Celik\Desktop\saytasproje\ebrarmspg\ebrarmspg.PrjPcb () 
2025-05-16 19:13:33.9970|1|Info|MCAD:  Setting project C:\Users\Ebrar Celik\Desktop\saytasproje\ebrarmspg\ebrarmspg.PrjPcb () 
2025-05-16 19:13:34.6889|1|Info|MCAD:  Setting project C:\Users\Ebrar Celik\Desktop\saytasproje\ebrarmspg\ebrarmspg.PrjPcb () 
2025-05-16 19:13:34.7649|1|Debug|MCAD: ->ProjectManagerService.ClearCurrentDocument 
2025-05-16 19:13:34.7649|1|Debug|MCAD:  <-ProjectManagerService.ClearCurrentDocument Secs:0 
2025-05-16 19:13:34.7649|1|Info|MCAD:  Setting project C:\Users\Ebrar Celik\Desktop\saytasproje\ebrarmspg\ebrarmspg.PrjPcb () 
2025-05-16 19:13:34.8261|1|Debug|MCAD: ->ProjectManagerService.ClearCurrentDocument 
2025-05-16 19:13:34.8261|1|Debug|MCAD:  <-ProjectManagerService.ClearCurrentDocument Secs:0 
2025-05-17 11:55:15.0045|1|Info|MCAD:  Setting project C:\Users\Ebrar Celik\Desktop\saytasproje\ebrarmspg\ebrarmspg.PrjPcb () 
2025-05-17 11:55:17.4844|1|Info|MCAD:  Setting project C:\Users\Ebrar Celik\Desktop\saytasproje\ebrarmspa\ebrarmspa.PrjPcb () 
2025-05-17 11:55:18.1988|1|Info|MCAD:  Setting project C:\Users\Ebrar Celik\Desktop\saytasproje\ebrarmspg\ebrarmspg.PrjPcb () 
2025-05-17 11:55:22.5051|3|Warn|MCAD: Co-Designer 3.4.0.1792, Altium Designer 23.4.1.23 (C:\Program Files\Altium\AD23\X2.EXE) 
2025-05-17 11:55:22.5051|3|Info|MCAD: Product identified as AltiumDesigner 
2025-05-17 11:55:24.8692|3|Debug|MCAD: Start updating CoDesigner UI resource keys. 
2025-05-17 11:55:24.8692|3|Debug|MCAD: Finished updating CoDesigner UI resource keys. 
2025-05-17 12:38:44.6793|1|Info|MCAD:  Setting project C:\Users\Ebrar Celik\Desktop\saytasproje\ebrarmspa\ebrarmspa.PrjPcb () 
2025-05-17 12:38:48.8632|1|Info|MCAD:  Setting project C:\Users\Ebrar Celik\Desktop\saytasproje\ebrarmspg\ebrarmspg.PrjPcb () 
2025-05-17 14:21:59.5361|1|Info|MCAD:  Setting project C:\Users\Ebrar Celik\Desktop\saytasproje\ebrarmspa\ebrarmspa.PrjPcb () 
2025-05-17 14:22:23.3584|1|Info|MCAD:  Setting project C:\Users\Ebrar Celik\Desktop\saytasproje\ebrarmspg\ebrarmspg.PrjPcb () 
2025-05-17 14:22:35.9727|1|Info|MCAD:  Setting project C:\Users\Ebrar Celik\Desktop\saytasproje\ebrarmspa\ebrarmspa.PrjPcb () 
2025-05-17 14:29:03.1532|1|Info|MCAD:  Setting project C:\Users\Ebrar Celik\Desktop\saytasproje\ebrarmspa\ebrarmspa.PrjPcb () 
2025-05-17 14:29:29.8299|1|Info|MCAD:  Setting project C:\Users\Ebrar Celik\Desktop\saytasproje\ebrarmspg\ebrarmspg.PrjPcb () 
2025-05-17 14:31:43.0495|1|Info|MCAD:  Setting project C:\Users\Ebrar Celik\Desktop\saytasproje\ebrarmspa\ebrarmspa.PrjPcb () 
2025-05-17 14:31:57.5203|1|Info|MCAD:  Setting project C:\Users\Ebrar Celik\Desktop\saytasproje\ebrarmspg\ebrarmspg.PrjPcb () 
2025-05-17 15:15:59.5368|1|Info|MCAD:  Setting project C:\Users\Ebrar Celik\Desktop\saytasproje\ebrarmspa\ebrarmspa.PrjPcb () 
2025-05-17 15:16:10.5311|1|Info|MCAD:  Setting project C:\Users\Ebrar Celik\Desktop\saytasproje\ebrarmspg\ebrarmspg.PrjPcb () 
2025-05-17 15:16:11.7449|1|Info|MCAD:  Setting project C:\Users\Ebrar Celik\Desktop\saytasproje\ebrarmspa\ebrarmspa.PrjPcb () 
2025-05-17 15:16:53.5447|1|Info|MCAD:  Setting project C:\Users\Ebrar Celik\Desktop\saytasproje\ebrarmspg\ebrarmspg.PrjPcb () 
2025-05-19 15:48:21.9246|1|Info|MCAD:  Setting project C:\Users\Ebrar Celik\Desktop\saytasproje\ebrarmspg\ebrarmspg.PrjPcb () 
2025-05-19 15:48:25.4355|1|Info|MCAD:  Setting project C:\Users\Ebrar Celik\Desktop\saytasproje\ebrarmspa\ebrarmspa.PrjPcb () 
2025-05-19 15:48:26.5092|1|Info|MCAD:  Setting project C:\Users\Ebrar Celik\Desktop\saytasproje\ebrarmspg\ebrarmspg.PrjPcb () 
2025-05-19 15:48:28.3547|4|Warn|MCAD: Co-Designer 3.4.0.1792, Altium Designer 23.4.1.23 (C:\Program Files\Altium\AD23\X2.EXE) 
2025-05-19 15:48:28.3547|4|Info|MCAD: Product identified as AltiumDesigner 
2025-05-19 15:48:28.4309|4|Debug|MCAD: Start updating CoDesigner UI resource keys. 
2025-05-19 15:48:28.4309|4|Debug|MCAD: Finished updating CoDesigner UI resource keys. 
2025-05-19 15:55:38.1507|1|Info|MCAD:  Setting project C:\Users\Ebrar Celik\Desktop\saytasproje\ebrarmspa\ebrarmspa.PrjPcb () 
2025-05-19 15:55:46.6520|1|Info|MCAD:  Setting project C:\Users\Ebrar Celik\Desktop\saytasproje\ebrarmspg\ebrarmspg.PrjPcb () 
2025-05-19 15:57:49.5511|1|Info|MCAD:  Setting project C:\Users\Ebrar Celik\Desktop\saytasproje\ebrarmspa\ebrarmspa.PrjPcb () 
2025-05-19 15:58:05.9701|1|Info|MCAD:  Setting project C:\Users\Ebrar Celik\Desktop\saytasproje\ebrarmspa\ebrarmspa.PrjPcb () 
2025-05-19 16:05:36.2666|1|Info|MCAD:  Setting project C:\Users\Ebrar Celik\Desktop\saytasproje\ebrarmspa\ebrarmspa.PrjPcb () 
2025-05-19 16:22:09.0083|1|Info|MCAD:  Setting project C:\Users\Ebrar Celik\Desktop\saytasproje\ebrarmspa\ebrarmspa.PrjPcb () 
2025-05-19 16:22:23.9038|1|Info|MCAD:  Setting project C:\Users\Ebrar Celik\Desktop\saytasproje\ebrarmspg\ebrarmspg.PrjPcb () 
2025-05-19 16:24:32.3070|1|Info|MCAD:  Setting project C:\Users\Ebrar Celik\Desktop\saytasproje\ebrarmspg\ebrarmspg.PrjPcb () 
2025-05-19 16:26:29.3164|1|Info|MCAD:  Setting project C:\Users\Ebrar Celik\Desktop\saytasproje\ebrarmspa\ebrarmspa.PrjPcb () 
2025-05-19 16:47:09.9824|1|Info|MCAD:  Setting project C:\Users\Ebrar Celik\Desktop\saytasproje\ebrarmspg\ebrarmspg.PrjPcb () 
2025-05-19 16:47:13.5564|1|Info|MCAD:  Setting project C:\Users\Ebrar Celik\Desktop\saytasproje\ebrarmspa\ebrarmspa.PrjPcb () 
2025-05-19 16:47:21.6950|1|Info|MCAD:  Setting project C:\Users\Ebrar Celik\Desktop\saytasproje\ebrarmspg\ebrarmspg.PrjPcb () 
2025-05-19 16:48:58.3874|1|Info|MCAD:  Setting project C:\Users\Ebrar Celik\Desktop\saytasproje\ebrarmspg\ebrarmspg.PrjPcb () 
2025-05-19 16:51:10.6050|1|Info|MCAD:  Setting project C:\Users\Ebrar Celik\Desktop\saytasproje\ebrarmspg\ebrarmspg.PrjPcb () 
2025-05-19 16:51:34.6039|1|Info|MCAD:  Setting project C:\Users\Ebrar Celik\Desktop\saytasproje\ebrarmspa\ebrarmspa.PrjPcb () 
2025-05-19 17:46:58.3494|1|Info|MCAD:  Setting project C:\Users\Ebrar Celik\Desktop\saytasproje\ebrarmspg\ebrarmspg.PrjPcb () 
2025-05-19 19:25:31.4861|1|Debug|MCAD: ->ProjectManagerService.ClearCurrentDocument 
2025-05-19 19:25:31.4881|1|Debug|MCAD:  <-ProjectManagerService.ClearCurrentDocument Secs:0,016 
2025-05-19 19:25:31.5503|1|Debug|MCAD: ->ProjectManagerService.ClearCurrentDocument 
2025-05-19 19:25:31.5503|1|Debug|MCAD:  <-ProjectManagerService.ClearCurrentDocument Secs:0 
2025-05-20 12:22:37.2905|1|Info|MCAD:  Setting project C:\Users\Ebrar Celik\Desktop\saytasproje\ebrarmspg\ebrarmspg.PrjPcb () 
2025-05-20 12:22:44.9333|1|Info|MCAD:  Setting project C:\Users\Ebrar Celik\Desktop\saytasproje\ebrarmspa\ebrarmspa.PrjPcb () 
2025-05-20 12:22:56.9310|6|Warn|MCAD: Co-Designer 3.4.0.1792, Altium Designer 23.4.1.23 (C:\Program Files\Altium\AD23\X2.EXE) 
2025-05-20 12:22:56.9310|6|Info|MCAD: Product identified as AltiumDesigner 
2025-05-20 12:22:59.1380|6|Debug|MCAD: Start updating CoDesigner UI resource keys. 
2025-05-20 12:22:59.1476|6|Debug|MCAD: Finished updating CoDesigner UI resource keys. 
2025-05-20 13:24:02.0769|1|Info|MCAD:  Setting project C:\Users\Ebrar Celik\Desktop\saytasproje\ebrarmspa\ebrarmspa.PrjPcb () 
2025-05-20 13:25:43.3792|1|Debug|MCAD: ->ProjectManagerService.ClearCurrentDocument 
2025-05-20 13:25:43.3792|1|Debug|MCAD:  <-ProjectManagerService.ClearCurrentDocument Secs:0 
2025-05-20 13:26:01.1978|1|Info|MCAD:  Setting project C:\Users\Ebrar Celik\Desktop\saytasproje\ebrarmspa\ebrarmspa.PrjPcb () 
2025-05-20 13:26:25.6175|1|Info|MCAD:  Setting project C:\Users\Ebrar Celik\Desktop\saytasproje\ebrarmspg\ebrarmspg.PrjPcb () 
2025-05-20 13:26:32.5620|1|Debug|MCAD: ->ProjectManagerService.ClearCurrentDocument 
2025-05-20 13:26:32.5620|1|Debug|MCAD:  <-ProjectManagerService.ClearCurrentDocument Secs:0 
2025-05-20 13:26:32.5620|1|Info|MCAD:  Setting project C:\Users\Ebrar Celik\Desktop\saytasproje\ebrarmspg\ebrarmspg.PrjPcb () 
2025-05-20 13:26:32.5715|1|Info|MCAD:  Setting project C:\Users\Ebrar Celik\Desktop\saytasproje\ebrarmspg\ebrarmspg.PrjPcb () 
2025-05-20 13:26:32.5887|1|Info|MCAD:  Setting project C:\Users\Ebrar Celik\Desktop\saytasproje\ebrarmspg\ebrarmspg.PrjPcb () 
2025-05-20 13:26:32.6271|1|Info|MCAD:  Setting project C:\Users\Ebrar Celik\Desktop\saytasproje\ebrarmspg\ebrarmspg.PrjPcb () 
2025-05-20 13:26:33.6810|1|Info|MCAD:  Setting project C:\Users\Ebrar Celik\Desktop\saytasproje\ebrarmspg\ebrarmspg.PrjPcb () 
2025-05-20 13:26:33.7030|1|Info|MCAD:  Setting project C:\Users\Ebrar Celik\Desktop\saytasproje\ebrarmspg\ebrarmspg.PrjPcb () 
2025-05-20 13:26:33.7212|1|Info|MCAD:  Setting project C:\Users\Ebrar Celik\Desktop\saytasproje\ebrarmspg\ebrarmspg.PrjPcb () 
2025-05-20 13:26:33.7565|1|Info|MCAD:  Setting project C:\Users\Ebrar Celik\Desktop\saytasproje\ebrarmspg\ebrarmspg.PrjPcb () 
2025-05-20 13:27:19.2091|1|Info|MCAD:  Setting project C:\Users\Ebrar Celik\Desktop\saytasproje\ebrarmspg\ebrarmspg.PrjPcb () 
2025-05-20 13:28:49.2357|1|Info|MCAD:  Setting project C:\Users\Ebrar Celik\Desktop\saytasproje\ebrarmspg\ebrarmspg.PrjPcb () 
2025-05-20 13:30:38.0419|1|Info|MCAD:  Setting project C:\Users\Ebrar Celik\Desktop\saytasproje\ebrarmspg\ebrarmspg.PrjPcb () 
2025-05-20 13:31:42.7176|1|Info|MCAD:  Setting project C:\Users\Ebrar Celik\Desktop\saytasproje\ebrarmspa\ebrarmspa.PrjPcb () 
2025-05-20 13:33:49.8345|1|Info|MCAD:  Setting project C:\Users\Ebrar Celik\Desktop\saytasproje\ebrarmspa\ebrarmspa.PrjPcb () 
2025-05-20 13:34:09.0074|1|Info|MCAD:  Setting project C:\Users\Ebrar Celik\Desktop\saytasproje\ebrarmspa\ebrarmspa.PrjPcb () 
2025-05-20 13:37:06.9603|1|Info|MCAD:  Setting project C:\Users\Ebrar Celik\Desktop\saytasproje\ebrarmspa\ebrarmspa.PrjPcb () 
2025-05-20 13:37:07.0319|1|Info|MCAD:  Setting project C:\Users\Ebrar Celik\Desktop\saytasproje\ebrarmspa\ebrarmspa.PrjPcb () 
2025-05-20 13:37:07.0581|1|Info|MCAD:  Setting project C:\Users\Ebrar Celik\Desktop\saytasproje\ebrarmspa\ebrarmspa.PrjPcb () 
2025-05-20 13:37:07.1332|1|Info|MCAD:  Setting project C:\Users\Ebrar Celik\Desktop\saytasproje\ebrarmspa\ebrarmspa.PrjPcb () 
2025-05-20 13:39:38.0959|1|Info|MCAD:  Setting project C:\Users\Ebrar Celik\Desktop\saytasproje\ebrarmspg\ebrarmspg.PrjPcb () 
2025-05-20 13:58:28.1549|1|Info|MCAD:  Setting project C:\Users\Ebrar Celik\Desktop\saytasproje\ebrarmspa\ebrarmspa.PrjPcb () 
2025-05-20 14:00:05.9832|1|Info|MCAD:  Setting project C:\Users\Ebrar Celik\Desktop\saytasproje\ebrarmspg\ebrarmspg.PrjPcb () 
2025-05-20 14:00:13.8544|1|Info|MCAD:  Setting project C:\Users\Ebrar Celik\Desktop\saytasproje\ebrarmspa\ebrarmspa.PrjPcb () 
2025-05-20 14:00:15.1524|1|Info|MCAD:  Setting project C:\Users\Ebrar Celik\Desktop\saytasproje\ebrarmspg\ebrarmspg.PrjPcb () 
2025-05-20 14:00:26.4883|1|Info|MCAD:  Setting project C:\Users\Ebrar Celik\Desktop\saytasproje\ebrarmspa\ebrarmspa.PrjPcb () 
2025-05-20 14:00:34.9740|1|Info|MCAD:  Setting project C:\Users\Ebrar Celik\Desktop\saytasproje\ebrarmspg\ebrarmspg.PrjPcb () 
2025-05-21 16:10:07.9943|1|Info|MCAD:  Setting project C:\Users\Ebrar Celik\Desktop\saytasproje\ebrarmspg\ebrarmspg.PrjPcb () 
2025-05-21 16:10:10.8430|1|Info|MCAD:  Setting project C:\Users\Ebrar Celik\Desktop\saytasproje\ebrarmspa\ebrarmspa.PrjPcb () 
2025-05-21 16:10:16.0042|4|Warn|MCAD: Co-Designer 3.4.0.1792, Altium Designer 23.4.1.23 (C:\Program Files\Altium\AD23\X2.EXE) 
2025-05-21 16:10:16.0042|4|Info|MCAD: Product identified as AltiumDesigner 
2025-05-21 16:10:17.3340|4|Debug|MCAD: Start updating CoDesigner UI resource keys. 
2025-05-21 16:10:17.3340|4|Debug|MCAD: Finished updating CoDesigner UI resource keys. 
2025-05-21 16:10:27.2703|1|Info|MCAD:  Setting project C:\Users\Ebrar Celik\Desktop\saytasproje\ebrarmspa\ebrarmspa.PrjPcb () 
2025-05-21 16:10:47.5598|1|Info|MCAD:  Setting project C:\Users\Ebrar Celik\Desktop\saytasproje\ebrarmspg\ebrarmspg.PrjPcb () 
2025-05-21 16:16:26.5903|1|Info|MCAD:  Setting project C:\Users\Ebrar Celik\Desktop\saytasproje\ebrarmspg\ebrarmspg.PrjPcb () 
2025-05-21 16:16:39.2707|1|Info|MCAD:  Setting project C:\Users\Ebrar Celik\Desktop\saytasproje\ebrarmspg\ebrarmspg.PrjPcb () 
2025-05-21 16:16:39.9450|1|Info|MCAD:  Setting project C:\Users\Ebrar Celik\Desktop\saytasproje\ebrarmspg\ebrarmspg.PrjPcb () 
2025-05-21 16:16:39.9763|1|Info|MCAD:  Setting project C:\Users\Ebrar Celik\Desktop\saytasproje\ebrarmspg\ebrarmspg.PrjPcb () 
2025-05-21 16:16:40.0194|1|Info|MCAD:  Setting project C:\Users\Ebrar Celik\Desktop\saytasproje\ebrarmspg\ebrarmspg.PrjPcb () 
2025-05-21 16:16:57.5799|1|Info|MCAD:  Setting project C:\Users\Ebrar Celik\Desktop\saytasproje\ebrarmspg\ebrarmspg.PrjPcb () 
2025-05-21 16:18:44.6511|1|Info|MCAD:  Setting project Free Documents () 
2025-05-21 16:18:44.8389|1|Info|MCAD:  Setting project Free Documents () 
2025-05-21 16:18:44.8768|1|Info|MCAD:  Setting project C:\Users\Ebrar Celik\Desktop\saytasproje\doruk\doruk.PrjPcb () 
2025-05-21 16:18:44.9508|1|Info|MCAD:  Setting project C:\Users\Ebrar Celik\Desktop\saytasproje\doruk\doruk.PrjPcb () 
2025-05-21 16:18:55.3449|1|Info|MCAD:  Setting project C:\Users\Ebrar Celik\Desktop\saytasproje\doruk\doruk.PrjPcb () 
2025-05-21 16:19:12.3860|1|Info|MCAD:  Setting project C:\Users\Ebrar Celik\Desktop\saytasproje\doruk\doruk.PrjPcb () 
2025-05-21 16:21:27.5828|1|Info|MCAD:  Setting project C:\Users\Ebrar Celik\Desktop\saytasproje\ebrarmspg\ebrarmspg.PrjPcb () 
2025-05-21 16:21:40.9057|1|Info|MCAD:  Setting project C:\Users\Ebrar Celik\Desktop\saytasproje\doruk\doruk.PrjPcb () 
2025-05-21 16:21:43.9847|1|Info|MCAD:  Setting project C:\Users\Ebrar Celik\Desktop\saytasproje\ebrarmspg\ebrarmspg.PrjPcb () 
2025-05-21 16:21:53.1005|1|Info|MCAD:  Setting project C:\Users\Ebrar Celik\Desktop\saytasproje\doruk\doruk.PrjPcb () 
2025-05-21 16:21:58.3126|1|Info|MCAD:  Setting project C:\Users\Ebrar Celik\Desktop\saytasproje\ebrarmspg\ebrarmspg.PrjPcb () 
2025-05-21 16:22:07.6518|1|Info|MCAD:  Setting project C:\Users\Ebrar Celik\Desktop\saytasproje\doruk\doruk.PrjPcb () 
2025-05-21 16:22:10.1561|1|Info|MCAD:  Setting project C:\Users\Ebrar Celik\Desktop\saytasproje\ebrarmspg\ebrarmspg.PrjPcb () 
2025-05-21 16:22:12.1342|1|Info|MCAD:  Setting project C:\Users\Ebrar Celik\Desktop\saytasproje\doruk\doruk.PrjPcb () 
2025-05-21 16:22:22.9758|1|Info|MCAD:  Setting project C:\Users\Ebrar Celik\Desktop\saytasproje\ebrarmspg\ebrarmspg.PrjPcb () 
2025-05-21 16:22:27.0930|1|Info|MCAD:  Setting project C:\Users\Ebrar Celik\Desktop\saytasproje\doruk\doruk.PrjPcb () 
2025-05-21 16:22:36.3471|1|Info|MCAD:  Setting project C:\Users\Ebrar Celik\Desktop\saytasproje\ebrarmspg\ebrarmspg.PrjPcb () 
2025-05-21 16:22:39.9315|1|Info|MCAD:  Setting project C:\Users\Ebrar Celik\Desktop\saytasproje\doruk\doruk.PrjPcb () 
2025-05-21 16:22:44.9545|1|Info|MCAD:  Setting project C:\Users\Ebrar Celik\Desktop\saytasproje\ebrarmspg\ebrarmspg.PrjPcb () 
2025-05-21 16:22:50.5362|1|Info|MCAD:  Setting project C:\Users\Ebrar Celik\Desktop\saytasproje\doruk\doruk.PrjPcb () 
2025-05-21 16:22:59.1569|1|Info|MCAD:  Setting project C:\Users\Ebrar Celik\Desktop\saytasproje\ebrarmspg\ebrarmspg.PrjPcb () 
2025-05-21 16:23:04.7019|1|Info|MCAD:  Setting project C:\Users\Ebrar Celik\Desktop\saytasproje\doruk\doruk.PrjPcb () 
2025-05-21 16:23:19.5827|1|Info|MCAD:  Setting project C:\Users\Ebrar Celik\Desktop\saytasproje\doruk\doruk.PrjPcb () 
2025-05-21 16:23:33.7582|1|Info|MCAD:  Setting project C:\Users\Ebrar Celik\Desktop\saytasproje\ebrarmspg\ebrarmspg.PrjPcb () 
2025-05-21 16:23:34.8091|1|Info|MCAD:  Setting project C:\Users\Ebrar Celik\Desktop\saytasproje\doruk\doruk.PrjPcb () 
2025-05-21 16:23:43.5482|1|Info|MCAD:  Setting project C:\Users\Ebrar Celik\Desktop\saytasproje\ebrarmspg\ebrarmspg.PrjPcb () 
2025-05-21 16:23:46.2559|1|Info|MCAD:  Setting project C:\Users\Ebrar Celik\Desktop\saytasproje\doruk\doruk.PrjPcb () 
2025-05-21 16:23:51.4313|1|Info|MCAD:  Setting project C:\Users\Ebrar Celik\Desktop\saytasproje\ebrarmspg\ebrarmspg.PrjPcb () 
2025-05-21 16:23:54.5927|1|Info|MCAD:  Setting project C:\Users\Ebrar Celik\Desktop\saytasproje\doruk\doruk.PrjPcb () 
2025-05-21 16:24:19.7346|1|Info|MCAD:  Setting project C:\Users\Ebrar Celik\Desktop\saytasproje\ebrarmspg\ebrarmspg.PrjPcb () 
2025-05-21 16:24:22.3384|1|Info|MCAD:  Setting project C:\Users\Ebrar Celik\Desktop\saytasproje\doruk\doruk.PrjPcb () 
2025-05-21 16:24:32.5953|1|Info|MCAD:  Setting project C:\Users\Ebrar Celik\Desktop\saytasproje\ebrarmspg\ebrarmspg.PrjPcb () 
2025-05-21 16:24:36.6603|1|Info|MCAD:  Setting project C:\Users\Ebrar Celik\Desktop\saytasproje\doruk\doruk.PrjPcb () 
2025-05-21 16:24:46.6717|1|Info|MCAD:  Setting project C:\Users\Ebrar Celik\Desktop\saytasproje\ebrarmspg\ebrarmspg.PrjPcb () 
2025-05-21 16:24:51.3819|1|Info|MCAD:  Setting project C:\Users\Ebrar Celik\Desktop\saytasproje\doruk\doruk.PrjPcb () 
2025-05-21 16:24:59.0481|1|Info|MCAD:  Setting project C:\Users\Ebrar Celik\Desktop\saytasproje\ebrarmspg\ebrarmspg.PrjPcb () 
2025-05-21 16:25:01.4252|1|Info|MCAD:  Setting project C:\Users\Ebrar Celik\Desktop\saytasproje\doruk\doruk.PrjPcb () 
2025-05-21 16:25:31.1631|1|Info|MCAD:  Setting project C:\Users\Ebrar Celik\Desktop\saytasproje\ebrarmspg\ebrarmspg.PrjPcb () 
2025-05-21 16:25:33.7387|1|Info|MCAD:  Setting project C:\Users\Ebrar Celik\Desktop\saytasproje\doruk\doruk.PrjPcb () 
2025-05-21 16:25:45.3756|1|Info|MCAD:  Setting project C:\Users\Ebrar Celik\Desktop\saytasproje\ebrarmspg\ebrarmspg.PrjPcb () 
2025-05-21 16:25:47.6209|1|Info|MCAD:  Setting project C:\Users\Ebrar Celik\Desktop\saytasproje\doruk\doruk.PrjPcb () 
2025-05-21 16:25:54.2524|1|Info|MCAD:  Setting project C:\Users\Ebrar Celik\Desktop\saytasproje\ebrarmspg\ebrarmspg.PrjPcb () 
2025-05-21 16:25:56.5566|1|Info|MCAD:  Setting project C:\Users\Ebrar Celik\Desktop\saytasproje\doruk\doruk.PrjPcb () 
2025-05-21 16:26:26.8749|1|Info|MCAD:  Setting project C:\Users\Ebrar Celik\Desktop\saytasproje\ebrarmspg\ebrarmspg.PrjPcb () 
2025-05-21 16:26:28.6279|1|Info|MCAD:  Setting project C:\Users\Ebrar Celik\Desktop\saytasproje\doruk\doruk.PrjPcb () 
2025-05-21 16:26:32.1577|1|Info|MCAD:  Setting project C:\Users\Ebrar Celik\Desktop\saytasproje\ebrarmspg\ebrarmspg.PrjPcb () 
2025-05-21 16:26:34.5872|1|Info|MCAD:  Setting project C:\Users\Ebrar Celik\Desktop\saytasproje\doruk\doruk.PrjPcb () 
2025-05-21 16:26:52.5867|1|Info|MCAD:  Setting project C:\Users\Ebrar Celik\Desktop\saytasproje\ebrarmspg\ebrarmspg.PrjPcb () 
2025-05-21 16:26:55.6817|1|Info|MCAD:  Setting project C:\Users\Ebrar Celik\Desktop\saytasproje\doruk\doruk.PrjPcb () 
2025-05-21 16:27:21.3142|1|Info|MCAD:  Setting project C:\Users\Ebrar Celik\Desktop\saytasproje\ebrarmspg\ebrarmspg.PrjPcb () 
2025-05-21 16:27:24.9306|1|Info|MCAD:  Setting project C:\Users\Ebrar Celik\Desktop\saytasproje\doruk\doruk.PrjPcb () 
2025-05-21 16:27:33.8036|1|Info|MCAD:  Setting project C:\Users\Ebrar Celik\Desktop\saytasproje\doruk\doruk.PrjPcb () 
2025-05-21 16:28:07.3071|1|Info|MCAD:  Setting project C:\Users\Ebrar Celik\Desktop\saytasproje\ebrarmspg\ebrarmspg.PrjPcb () 
2025-05-21 16:28:09.1688|1|Info|MCAD:  Setting project C:\Users\Ebrar Celik\Desktop\saytasproje\doruk\doruk.PrjPcb () 
2025-05-21 16:29:53.9248|1|Info|MCAD:  Setting project C:\Users\Ebrar Celik\Desktop\saytasproje\ebrarmspg\ebrarmspg.PrjPcb () 
2025-05-21 16:29:55.5405|1|Info|MCAD:  Setting project C:\Users\Ebrar Celik\Desktop\saytasproje\doruk\doruk.PrjPcb () 
2025-05-21 16:29:56.8401|1|Info|MCAD:  Setting project C:\Users\Ebrar Celik\Desktop\saytasproje\ebrarmspg\ebrarmspg.PrjPcb () 
2025-05-21 16:29:58.2002|1|Info|MCAD:  Setting project C:\Users\Ebrar Celik\Desktop\saytasproje\doruk\doruk.PrjPcb () 
2025-05-21 16:29:59.3473|1|Info|MCAD:  Setting project C:\Users\Ebrar Celik\Desktop\saytasproje\ebrarmspg\ebrarmspg.PrjPcb () 
2025-05-21 16:30:01.2057|1|Info|MCAD:  Setting project C:\Users\Ebrar Celik\Desktop\saytasproje\doruk\doruk.PrjPcb () 
2025-05-21 16:30:02.9312|1|Info|MCAD:  Setting project C:\Users\Ebrar Celik\Desktop\saytasproje\ebrarmspg\ebrarmspg.PrjPcb () 
2025-05-21 16:30:04.1912|1|Info|MCAD:  Setting project C:\Users\Ebrar Celik\Desktop\saytasproje\doruk\doruk.PrjPcb () 
2025-05-21 16:30:06.1561|1|Info|MCAD:  Setting project C:\Users\Ebrar Celik\Desktop\saytasproje\ebrarmspg\ebrarmspg.PrjPcb () 
2025-05-21 16:30:10.5170|1|Info|MCAD:  Setting project C:\Users\Ebrar Celik\Desktop\saytasproje\doruk\doruk.PrjPcb () 
2025-05-21 16:32:44.4473|1|Info|MCAD:  Setting project C:\Users\Ebrar Celik\Desktop\saytasproje\ebrarmspg\ebrarmspg.PrjPcb () 
2025-05-21 16:32:50.4261|1|Info|MCAD:  Setting project C:\Users\Ebrar Celik\Desktop\saytasproje\doruk\doruk.PrjPcb () 
2025-05-21 16:33:16.3463|1|Info|MCAD:  Setting project C:\Users\Ebrar Celik\Desktop\saytasproje\ebrarmspg\ebrarmspg.PrjPcb () 
2025-05-21 16:33:17.5809|1|Info|MCAD:  Setting project C:\Users\Ebrar Celik\Desktop\saytasproje\doruk\doruk.PrjPcb () 
2025-05-21 16:49:40.6240|1|Info|MCAD:  Setting project C:\Users\Ebrar Celik\Desktop\saytasproje\ebrarmspg\ebrarmspg.PrjPcb () 
2025-05-21 16:50:29.3653|1|Info|MCAD:  Setting project C:\Users\Ebrar Celik\Desktop\saytasproje\ebrarmspg\ebrarmspg.PrjPcb () 
2025-05-21 16:50:35.7117|1|Info|MCAD:  Setting project C:\Users\Ebrar Celik\Desktop\saytasproje\doruk\doruk.PrjPcb () 
2025-05-21 16:50:51.5965|1|Info|MCAD:  Setting project C:\Users\Ebrar Celik\Desktop\saytasproje\doruk\doruk.PrjPcb () 
2025-05-21 16:51:10.1814|1|Info|MCAD:  Setting project C:\Users\Ebrar Celik\Desktop\saytasproje\doruk\doruk.PrjPcb () 
2025-05-21 16:51:23.1292|1|Info|MCAD:  Setting project C:\Users\Ebrar Celik\Desktop\saytasproje\doruk\doruk.PrjPcb () 
2025-05-21 16:53:01.6075|1|Info|MCAD:  Setting project C:\Users\Ebrar Celik\Desktop\saytasproje\doruk\doruk.PrjPcb () 
2025-05-21 16:54:26.1980|1|Info|MCAD:  Setting project C:\Users\Ebrar Celik\Desktop\saytasproje\doruk\doruk.PrjPcb () 
2025-05-21 16:58:56.7074|1|Info|MCAD:  Setting project C:\Users\Ebrar Celik\Desktop\saytasproje\doruk\doruk.PrjPcb () 
2025-05-21 16:59:43.1016|1|Info|MCAD:  Setting project C:\Users\Ebrar Celik\Desktop\saytasproje\ebrarmspg\ebrarmspg.PrjPcb () 
2025-05-21 16:59:43.9999|1|Info|MCAD:  Setting project C:\Users\Ebrar Celik\Desktop\saytasproje\doruk\doruk.PrjPcb () 
2025-05-21 17:08:41.8669|1|Info|MCAD:  Setting project C:\Users\Ebrar Celik\Desktop\saytasproje\ebrarmspg\ebrarmspg.PrjPcb () 
2025-05-21 17:09:23.7416|1|Info|MCAD:  Setting project C:\Users\Ebrar Celik\Desktop\saytasproje\doruk\doruk.PrjPcb () 
2025-05-21 17:09:30.6819|1|Info|MCAD:  Setting project C:\Users\Ebrar Celik\Desktop\saytasproje\ebrarmspg\ebrarmspg.PrjPcb () 
2025-05-21 17:09:45.7912|1|Info|MCAD:  Setting project C:\Users\Ebrar Celik\Desktop\saytasproje\doruk\doruk.PrjPcb () 
2025-05-21 17:09:47.1738|1|Info|MCAD:  Setting project C:\Users\Ebrar Celik\Desktop\saytasproje\ebrarmspg\ebrarmspg.PrjPcb () 
2025-05-21 17:09:49.5431|1|Info|MCAD:  Setting project C:\Users\Ebrar Celik\Desktop\saytasproje\doruk\doruk.PrjPcb () 
2025-05-21 17:10:03.5543|1|Info|MCAD:  Setting project C:\Users\Ebrar Celik\Desktop\saytasproje\ebrarmspg\ebrarmspg.PrjPcb () 
2025-05-21 17:10:05.1964|1|Info|MCAD:  Setting project C:\Users\Ebrar Celik\Desktop\saytasproje\doruk\doruk.PrjPcb () 
2025-05-21 17:10:45.8864|1|Info|MCAD:  Setting project C:\Users\Ebrar Celik\Desktop\saytasproje\ebrarmspg\ebrarmspg.PrjPcb () 
2025-05-21 17:10:50.0378|1|Info|MCAD:  Setting project C:\Users\Ebrar Celik\Desktop\saytasproje\doruk\doruk.PrjPcb () 
2025-05-21 17:18:20.8266|1|Info|MCAD:  Setting project C:\Users\Ebrar Celik\Desktop\saytasproje\ebrarmspg\ebrarmspg.PrjPcb () 
2025-05-21 17:18:23.3471|1|Info|MCAD:  Setting project C:\Users\Ebrar Celik\Desktop\saytasproje\doruk\doruk.PrjPcb () 
2025-05-21 17:18:25.7432|1|Info|MCAD:  Setting project C:\Users\Ebrar Celik\Desktop\saytasproje\ebrarmspg\ebrarmspg.PrjPcb () 
2025-05-21 17:18:27.1038|1|Info|MCAD:  Setting project C:\Users\Ebrar Celik\Desktop\saytasproje\doruk\doruk.PrjPcb () 
2025-05-21 17:21:47.8573|1|Info|MCAD:  Setting project C:\Users\Ebrar Celik\Desktop\saytasproje\ebrarmspg\ebrarmspg.PrjPcb () 
2025-05-21 17:21:52.3189|1|Info|MCAD:  Setting project C:\Users\Ebrar Celik\Desktop\saytasproje\doruk\doruk.PrjPcb () 
2025-05-21 17:39:25.3130|1|Info|MCAD:  Setting project C:\Users\Ebrar Celik\Desktop\saytasproje\doruk\doruk.PrjPcb () 
2025-05-21 17:39:34.8276|1|Info|MCAD:  Setting project C:\Users\Ebrar Celik\Desktop\saytasproje\ebrarmspg\ebrarmspg.PrjPcb () 
2025-05-21 17:39:36.4358|1|Info|MCAD:  Setting project C:\Users\Ebrar Celik\Desktop\saytasproje\doruk\doruk.PrjPcb () 
2025-05-21 17:59:51.9545|1|Info|MCAD:  Setting project C:\Users\Ebrar Celik\Desktop\saytasproje\doruk\doruk.PrjPcb () 
2025-05-21 18:01:21.1407|1|Info|MCAD:  Setting project C:\Users\Ebrar Celik\Desktop\saytasproje\doruk\doruk.PrjPcb () 
2025-05-22 16:50:20.4131|1|Info|MCAD:  Setting project C:\Users\Ebrar Celik\Desktop\saytasproje\ebrarmspg\ebrarmspg.PrjPcb () 
2025-05-22 16:50:23.5767|1|Info|MCAD:  Setting project C:\Users\Ebrar Celik\Desktop\saytasproje\ebrarmspa\ebrarmspa.PrjPcb () 
2025-05-22 16:50:29.9405|22|Warn|MCAD: Co-Designer 3.4.0.1792, Altium Designer 23.4.1.23 (C:\Program Files\Altium\AD23\X2.EXE) 
2025-05-22 16:50:29.9417|22|Info|MCAD: Product identified as AltiumDesigner 
2025-05-22 16:50:31.5211|22|Debug|MCAD: Start updating CoDesigner UI resource keys. 
2025-05-22 16:50:31.5211|22|Debug|MCAD: Finished updating CoDesigner UI resource keys. 
2025-05-22 16:50:38.1596|1|Info|MCAD:  Setting project C:\Users\Ebrar Celik\Desktop\saytasproje\ebrarmspa\ebrarmspa.PrjPcb () 
2025-05-22 16:51:57.6231|1|Info|MCAD:  Setting project C:\Users\Ebrar Celik\Desktop\saytasproje\ebrarmspa\ebrarmspa.PrjPcb () 
2025-05-22 16:53:52.8863|1|Info|MCAD:  Setting project C:\Users\Ebrar Celik\Desktop\saytasproje\ebrarmspg\ebrarmspg.PrjPcb () 
2025-05-25 21:32:56.4663|1|Info|MCAD:  Setting project C:\Users\Ebrar Celik\Desktop\saytasproje\ebrarmspg\ebrarmspg.PrjPcb () 
2025-05-25 21:33:00.1883|1|Info|MCAD:  Setting project C:\Users\Ebrar Celik\Desktop\saytasproje\ebrarmspa\ebrarmspa.PrjPcb () 
2025-05-25 21:33:06.2766|5|Warn|MCAD: Co-Designer 3.4.0.1792, Altium Designer 23.4.1.23 (C:\Program Files\Altium\AD23\X2.EXE) 
2025-05-25 21:33:06.2766|5|Info|MCAD: Product identified as AltiumDesigner 
2025-05-25 21:33:07.4023|5|Debug|MCAD: Start updating CoDesigner UI resource keys. 
2025-05-25 21:33:07.4023|5|Debug|MCAD: Finished updating CoDesigner UI resource keys. 
2025-05-25 21:34:36.6369|1|Info|MCAD:  Setting project C:\Users\Ebrar Celik\Desktop\saytasproje\ebrarmspg\ebrarmspg.PrjPcb () 
2025-05-26 09:37:20.1642|1|Info|MCAD:  Setting project C:\Users\Ebrar Celik\Desktop\saytasproje\ebrarmspa\ebrarmspa.PrjPcb () 
2025-05-26 09:38:26.8336|1|Info|MCAD:  Setting project C:\Users\Ebrar Celik\Desktop\saytasproje\ebrarmspg\ebrarmspg.PrjPcb () 
2025-05-27 13:42:22.3503|1|Info|MCAD:  Setting project C:\Users\Ebrar Celik\Desktop\saytasproje\ebrarmspg\ebrarmspg.PrjPcb () 
2025-05-27 13:42:23.1460|1|Info|MCAD:  Setting project C:\Users\Ebrar Celik\Desktop\saytasproje\ebrarmspg\ebrarmspg.PrjPcb () 
2025-05-27 13:42:23.2577|1|Debug|MCAD: ->ProjectManagerService.ClearCurrentDocument 
2025-05-27 13:42:23.2577|1|Debug|MCAD:  <-ProjectManagerService.ClearCurrentDocument Secs:0 
2025-05-27 13:42:23.2577|1|Info|MCAD:  Setting project C:\Users\Ebrar Celik\Desktop\saytasproje\ebrarmspg\ebrarmspg.PrjPcb () 
2025-05-27 13:42:23.3617|1|Debug|MCAD: ->ProjectManagerService.ClearCurrentDocument 
2025-05-27 13:42:23.3617|1|Debug|MCAD:  <-ProjectManagerService.ClearCurrentDocument Secs:0 
2025-10-13 12:28:21.7249|1|Info|MCAD:  Setting project Free Documents () 
2025-10-13 12:28:22.2836|1|Info|MCAD:  Setting project Free Documents () 
2025-10-13 12:28:24.8013|1|Info|MCAD:  Setting project C:\Users\Ebrar Celik\Desktop\Muhtas_ESC\PCB_Muhtas_Esc\PCB_Muhtas_Esc.PrjPcb () 
2025-10-13 12:28:24.8325|1|Info|MCAD:  Setting project C:\Users\Ebrar Celik\Desktop\Muhtas_ESC\PCB_Muhtas_Esc\PCB_Muhtas_Esc.PrjPcb () 
2025-10-13 12:28:24.8870|11|Warn|MCAD: Co-Designer 3.4.0.1792, Altium Designer 23.4.1.23 (C:\Program Files\Altium\AD23\X2.EXE) 
2025-10-13 12:28:24.8870|11|Info|MCAD: Product identified as AltiumDesigner 
2025-10-13 12:28:24.9538|11|Debug|MCAD: Start updating CoDesigner UI resource keys. 
2025-10-13 12:28:24.9538|11|Debug|MCAD: Finished updating CoDesigner UI resource keys. 
2025-10-13 17:01:31.0297|1|Debug|MCAD: ->ProjectManagerService.ClearCurrentDocument 
2025-10-13 17:01:31.0297|1|Debug|MCAD:  <-ProjectManagerService.ClearCurrentDocument Secs:0 
2025-10-13 20:18:34.0425|47|Warn|MCAD: Co-Designer 3.4.0.1792, Altium Designer 23.4.1.23 (C:\Program Files\Altium\AD23\X2.EXE) 
2025-10-13 20:18:34.0552|47|Info|MCAD: Product identified as AltiumDesigner 
2025-10-13 20:18:34.1198|47|Debug|MCAD: Start updating CoDesigner UI resource keys. 
2025-10-13 20:18:34.1198|47|Debug|MCAD: Finished updating CoDesigner UI resource keys. 
2025-10-22 23:06:26.1632|1|Info|MCAD:  Setting project Free Documents () 
2025-10-22 23:06:26.9312|96|Warn|MCAD: Co-Designer 3.4.0.1792, Altium Designer 23.4.1.23 (C:\Program Files\Altium\AD23\X2.EXE) 
2025-10-22 23:06:26.9312|96|Info|MCAD: Product identified as AltiumDesigner 
2025-10-22 23:06:27.0140|96|Debug|MCAD: Start updating CoDesigner UI resource keys. 
2025-10-22 23:06:27.0280|96|Debug|MCAD: Finished updating CoDesigner UI resource keys. 
2025-10-22 23:06:35.6245|1|Info|MCAD:  Setting project Free Documents () 
2025-10-22 23:06:35.7050|1|Info|MCAD:  Setting project Free Documents () 
2025-10-22 23:06:36.7657|1|Info|MCAD:  Setting project C:\Users\Ebrar Celik\Downloads\PCB_Muhtas_Esc.PrjPcb () 
2025-10-23 02:32:34.1456|1|Info|MCAD:  Setting project C:\Users\Ebrar Celik\Downloads\PCB_Muhtas_Esc.PrjPcb () 
2025-10-23 02:32:34.2532|1|Debug|MCAD: ->ProjectManagerService.ClearCurrentDocument 
2025-10-23 02:32:34.2532|1|Debug|MCAD:  <-ProjectManagerService.ClearCurrentDocument Secs:0 
2025-11-03 23:07:48.3281|1|Info|MCAD:  Setting project Free Documents () 
2025-11-03 23:07:50.7964|13|Warn|MCAD: Co-Designer 3.4.0.1792, Altium Designer 23.4.1.23 (C:\Program Files\Altium\AD23\X2.exe) 
2025-11-03 23:07:50.7964|13|Info|MCAD: Product identified as AltiumDesigner 
2025-11-03 23:07:52.1067|13|Debug|MCAD: Start updating CoDesigner UI resource keys. 
2025-11-03 23:07:52.1354|13|Debug|MCAD: Finished updating CoDesigner UI resource keys. 
2025-11-03 23:11:52.2921|1|Info|MCAD:  Setting project Free Documents () 
2025-11-03 23:12:34.0524|1|Info|MCAD:  Setting project Free Documents () 
2025-11-03 23:23:37.5410|1|Info|MCAD:  Setting project C:\Users\Ebrar Celik\Desktop\2. sınıf\2.dönem\saytasproje\mikro_bebektelsizi\mikro_bebektelsizi.PrjPcb () 
2025-11-03 23:24:32.6257|1|Info|MCAD:  Setting project Free Documents () 
2025-11-03 23:24:40.8489|1|Info|MCAD:  Setting project Free Documents () 
2025-11-03 23:24:40.9489|1|Debug|MCAD: ->ProjectManagerService.ClearCurrentDocument 
2025-11-03 23:24:40.9489|1|Debug|MCAD:  <-ProjectManagerService.ClearCurrentDocument Secs:0 
2025-11-03 23:24:40.9489|1|Info|MCAD:  Setting project C:\Users\Ebrar Celik\Desktop\2. sınıf\2.dönem\saytasproje\mikro_bebektelsizi\mikro_bebektelsizi.PrjPcb () 
2025-11-03 23:24:41.0240|1|Info|MCAD:  Setting project C:\Users\Ebrar Celik\Desktop\2. sınıf\2.dönem\saytasproje\mikro_bebektelsizi\mikro_bebektelsizi.PrjPcb () 
2025-11-03 23:24:41.1254|1|Info|MCAD:  Setting project C:\Users\Ebrar Celik\Desktop\2. sınıf\2.dönem\saytasproje\mikro_bebektelsizi\mikro_bebektelsizi.PrjPcb () 
2025-11-03 23:24:45.4910|1|Debug|MCAD: ->ProjectManagerService.ClearCurrentDocument 
2025-11-03 23:24:45.4910|1|Debug|MCAD:  <-ProjectManagerService.ClearCurrentDocument Secs:0 
2025-11-03 23:24:45.4920|1|Info|MCAD:  Setting project Free Documents () 
2025-11-03 23:24:45.5823|1|Info|MCAD:  Setting project Free Documents () 
2025-11-03 23:24:45.6217|1|Info|MCAD:  Setting project Free Documents () 
2025-11-03 23:43:09.2416|1|Info|MCAD:  Setting project Free Documents () 
2025-11-03 23:43:09.3947|1|Debug|MCAD: ->ProjectManagerService.ClearCurrentDocument 
2025-11-03 23:43:09.3947|1|Debug|MCAD:  <-ProjectManagerService.ClearCurrentDocument Secs:0 
2025-11-18 22:08:14.6901|1|Info|MCAD:  Setting project Free Documents () 
2025-11-18 22:08:15.5673|143|Warn|MCAD: Co-Designer 3.4.0.1792, Altium Designer 23.4.1.23 (C:\Program Files\Altium\AD23\X2.exe) 
2025-11-18 22:08:15.5673|143|Info|MCAD: Product identified as AltiumDesigner 
2025-11-18 22:08:15.6153|143|Debug|MCAD: Start updating CoDesigner UI resource keys. 
2025-11-18 22:08:15.6153|143|Debug|MCAD: Finished updating CoDesigner UI resource keys. 
2025-11-18 22:08:22.2083|1|Info|MCAD:  Setting project Free Documents () 
2026-01-05 22:10:27.6407|1|Info|MCAD:  Setting project Free Documents () 
2026-01-05 22:10:29.0894|24|Warn|MCAD: Co-Designer 3.4.0.1792, Altium Designer 23.4.1.23 (C:\Program Files\Altium\AD23\X2.exe) 
2026-01-05 22:10:29.0894|24|Info|MCAD: Product identified as AltiumDesigner 
2026-01-05 22:10:29.1760|24|Debug|MCAD: Start updating CoDesigner UI resource keys. 
2026-01-05 22:10:29.1760|24|Debug|MCAD: Finished updating CoDesigner UI resource keys. 
2026-01-05 22:10:31.7488|1|Info|MCAD:  Setting project Free Documents () 
2026-01-05 22:12:55.8941|1|Info|MCAD:  Setting project Free Documents () 
2026-01-05 22:12:59.4573|1|Info|MCAD:  Setting project Free Documents () 
2026-01-05 22:14:04.1194|1|Info|MCAD:  Setting project Free Documents () 
2026-01-06 09:04:57.8722|1|Info|MCAD:  Setting project Free Documents () 
2026-01-06 10:29:22.8394|1|Info|MCAD:  Setting project Free Documents () 
2026-01-07 17:35:54.7931|1|Info|MCAD:  Setting project Free Documents () 
2026-01-07 17:35:54.9037|1|Debug|MCAD: ->ProjectManagerService.ClearCurrentDocument 
2026-01-07 17:35:54.9037|1|Debug|MCAD:  <-ProjectManagerService.ClearCurrentDocument Secs:0 
2026-01-09 17:07:21.4364|1|Info|MCAD:  Setting project Free Documents () 
2026-01-09 17:07:23.1076|1|Info|MCAD:  Setting project Free Documents () 
2026-01-09 17:07:23.2163|1|Info|MCAD:  Setting project Free Documents () 
2026-01-09 17:07:29.3967|7|Warn|MCAD: Co-Designer 3.4.0.1792, Altium Designer 23.4.1.23 (C:\Program Files\Altium\AD23\X2.EXE) 
2026-01-09 17:07:29.3967|7|Info|MCAD: Product identified as AltiumDesigner 
2026-01-09 17:07:30.9297|7|Debug|MCAD: Start updating CoDesigner UI resource keys. 
2026-01-09 17:07:30.9440|7|Debug|MCAD: Finished updating CoDesigner UI resource keys. 
2026-01-09 17:08:46.7192|1|Info|MCAD:  Setting project Free Documents () 
2026-01-14 11:05:51.4234|1|Info|MCAD:  Setting project Free Documents () 
2026-01-14 11:05:51.6807|1|Debug|MCAD: ->ProjectManagerService.ClearCurrentDocument 
2026-01-14 11:05:51.7014|1|Debug|MCAD:  <-ProjectManagerService.ClearCurrentDocument Secs:0,031 
2026-01-23 01:03:51.5878|1|Info|MCAD:  Setting project Free Documents () 
2026-01-23 01:03:53.4370|1|Info|MCAD:  Setting project Free Documents () 
2026-01-23 01:04:00.7866|20|Warn|MCAD: Co-Designer 3.4.0.1792, Altium Designer 23.4.1.23 (C:\Program Files\Altium\AD23\X2.EXE) 
2026-01-23 01:04:00.7866|20|Info|MCAD: Product identified as AltiumDesigner 
2026-01-23 01:04:01.4478|20|Debug|MCAD: Start updating CoDesigner UI resource keys. 
2026-01-23 01:04:01.4478|20|Debug|MCAD: Finished updating CoDesigner UI resource keys. 
2026-01-23 01:04:35.1708|1|Info|MCAD:  Setting project Free Documents () 
2026-01-23 01:04:48.7818|1|Info|MCAD:  Setting project Free Documents () 
2026-01-23 01:06:25.3881|1|Info|MCAD:  Setting project Free Documents () 
2026-01-23 01:06:25.4649|1|Debug|MCAD: ->ProjectManagerService.ClearCurrentDocument 
2026-01-23 01:06:25.4649|1|Debug|MCAD:  <-ProjectManagerService.ClearCurrentDocument Secs:0 
